{"stats":{"minecraft:killed":{"minecraft:pig":2,"minecraft:iron_golem":1,"minecraft:creeper":1,"minecraft:pillager":4,"minecraft:zombie":1,"minecraft:cow":1},"minecraft:killed_by":{"minecraft:skeleton":1,"minecraft:spider":1,"minecraft:iron_golem":2},"minecraft:mined":{"minecraft:white_bed":3,"minecraft:crafting_table":5,"minecraft:grass_block":8,"minecraft:chest":1,"minecraft:cobblestone":8,"minecraft:oak_planks":8,"minecraft:sugar_cane":1,"minecraft:sandstone":10,"minecraft:rooted_dirt":6,"minecraft:seagrass":1,"minecraft:spruce_stairs":1,"minecraft:iron_ore":3,"minecraft:sweet_berry_bush":1,"minecraft:dark_oak_stairs":6,"minecraft:coal_ore":42,"minecraft:oak_log":8,"minecraft:oak_stairs":4,"minecraft:sand":10,"minecraft:stone":27},"minecraft:crafted":{"minecraft:oak_planks":24,"minecraft:crafting_table":1,"minecraft:wooden_pickaxe":1,"minecraft:stone_axe":1,"minecraft:bread":2,"minecraft:stick":16,"minecraft:stone_pickaxe":2,"minecraft:wooden_axe":1,"minecraft:iron_shovel":1,"minecraft:torch":8,"minecraft:stone_hoe":1},"minecraft:dropped":{"minecraft:iron_ingot":2,"minecraft:sugar_cane":3,"minecraft:porkchop":4,"minecraft:bowl":2,"minecraft:poisonous_potato":8,"minecraft:raw_iron":3,"minecraft:experience_bottle":2,"minecraft:leather":2,"minecraft:white_bed":1,"minecraft:coal":5,"minecraft:suspicious_stew":3,"minecraft:poppy":1,"minecraft:gunpowder":3,"minecraft:torch":2,"minecraft:oak_sapling":1,"minecraft:chest":1,"minecraft:bone":1},"minecraft:custom":{"minecraft:mob_kills":10,"minecraft:interact_with_crafting_table":9,"minecraft:leave_game":2,"minecraft:time_since_death":16222,"minecraft:sleep_in_bed":3,"minecraft:climb_one_cm":0,"minecraft:time_since_rest":530,"minecraft:sprint_one_cm":75033,"minecraft:damage_taken":1353,"minecraft:walk_one_cm":72137,"minecraft:drop":44,"minecraft:damage_dealt":2689,"minecraft:swim_one_cm":15871,"minecraft:fly_one_cm":80472,"minecraft:open_chest":4,"minecraft:crouch_one_cm":7440,"minecraft:play_time":42362,"minecraft:deaths":4,"minecraft:sneak_time":4014,"minecraft:walk_under_water_one_cm":6442,"minecraft:boat_one_cm":60490,"minecraft:jump":522,"minecraft:walk_on_water_one_cm":5499,"minecraft:total_world_time":42362,"minecraft:fall_one_cm":13592},"minecraft:used":{"minecraft:iron_shovel":15,"minecraft:stone_pickaxe":86,"minecraft:wooden_pickaxe":5,"minecraft:stone_hoe":6,"minecraft:torch":2,"minecraft:dirt":8,"minecraft:sand":9,"minecraft:crafting_table":5,"minecraft:white_bed":3,"minecraft:wooden_axe":14,"minecraft:bread":6,"minecraft:stone_axe":54,"minecraft:cobblestone":12,"minecraft:oak_sapling":1,"minecraft:dark_oak_fence":1,"minecraft:oak_boat":1,"minecraft:experience_bottle":1},"minecraft:picked_up":{"minecraft:wooden_axe":1,"minecraft:crafting_table":6,"minecraft:leather_leggings":1,"minecraft:suspicious_stew":3,"minecraft:leather":4,"minecraft:wooden_pickaxe":1,"minecraft:oak_stairs":4,"minecraft:oak_log":10,"minecraft:shield":1,"minecraft:gunpowder":3,"minecraft:dirt":8,"minecraft:bone":1,"minecraft:experience_bottle":2,"minecraft:iron_ingot":3,"minecraft:beef":2,"minecraft:oak_boat":1,"minecraft:chest":1,"minecraft:moss_block":6,"minecraft:poppy":1,"minecraft:sugar_cane":5,"minecraft:oak_planks":58,"minecraft:sandstone":11,"minecraft:stick":2,"minecraft:raw_iron":3,"minecraft:sweet_berries":3,"minecraft:bowl":2,"minecraft:poisonous_potato":8,"minecraft:sand":11,"minecraft:porkchop":5,"minecraft:white_bed":3,"minecraft:arrow":2,"minecraft:hay_block":1,"minecraft:bread":6,"minecraft:rooted_dirt":6,"minecraft:oak_sapling":4,"minecraft:dark_oak_fence":1,"minecraft:coal":56,"minecraft:white_wool":2,"minecraft:cobblestone":49}},"DataVersion":3700}