{"stats":{"minecraft:picked_up":{"minecraft:leather_chestplate":1,"minecraft:feather":2,"minecraft:chicken":2,"minecraft:diamond_sword":1,"minecraft:potion":2,"minecraft:lapis_lazuli":49,"minecraft:string":208,"minecraft:dirt":17,"minecraft:white_banner":5,"minecraft:spruce_planks":14,"minecraft:oak_planks":9,"minecraft:spruce_trapdoor":9,"minecraft:furnace":2,"minecraft:egg":3,"minecraft:book":3,"minecraft:stick":5,"minecraft:torch":2,"minecraft:quartz":34,"minecraft:porkchop":2,"minecraft:spruce_sapling":2,"minecraft:carrot":1,"minecraft:white_bed":1,"minecraft:spruce_log":55,"minecraft:shulker_box":1,"minecraft:arrow":1,"minecraft:rotten_flesh":2,"minecraft:diamond_boots":1,"minecraft:golden_apple":1,"minecraft:saddle":2,"minecraft:emerald":3,"minecraft:netherrack":18,"minecraft:cod":1,"minecraft:cobblestone":32,"minecraft:ender_pearl":54},"minecraft:killed_by":{"minecraft:vindicator":3,"minecraft:player":13,"minecraft:zombified_piglin":1,"minecraft:pillager":1,"minecraft:enderman":4},"minecraft:killed":{"minecraft:pig":1,"minecraft:witch":2,"minecraft:vindicator":3,"minecraft:ravager":1,"minecraft:pillager":5,"minecraft:zombie":1,"minecraft:chicken":2,"minecraft:enderman":1415},"minecraft:mined":{"minecraft:white_bed":1,"minecraft:shulker_box":1,"minecraft:spruce_trapdoor":10,"minecraft:torch":2,"minecraft:grass_block":11,"minecraft:nether_quartz_ore":34,"minecraft:spruce_leaves":3,"minecraft:spruce_log":12,"minecraft:white_wall_banner":1,"minecraft:dirt":3,"minecraft:white_banner":1,"minecraft:netherrack":18,"minecraft:tripwire":2,"minecraft:fern":1},"minecraft:dropped":{"minecraft:emerald":54,"minecraft:dirt":6},"minecraft:used":{"minecraft:chest":2,"minecraft:spruce_planks":14,"minecraft:netherrack":7,"minecraft:torch":1,"minecraft:dirt":8,"minecraft:crafting_table":1,"minecraft:shulker_box":1,"minecraft:white_bed":1,"minecraft:iron_axe":24,"minecraft:string":2,"minecraft:iron_pickaxe":57,"minecraft:spruce_trapdoor":29,"minecraft:diamond_sword":336,"minecraft:white_banner":5,"minecraft:furnace":1,"minecraft:egg":3},"minecraft:crafted":{"minecraft:emerald":46,"minecraft:crafting_table":1,"minecraft:spruce_planks":220,"minecraft:enchanted_book":1,"minecraft:air":0,"minecraft:spruce_trapdoor":20,"minecraft:diamond_helmet":1,"minecraft:bow":2,"minecraft:diamond_leggings":1,"minecraft:iron_axe":1,"minecraft:stick":280,"minecraft:iron_pickaxe":1,"minecraft:chest":2,"minecraft:diamond_boots":1,"minecraft:name_tag":3,"minecraft:diamond_chestplate":1},"minecraft:custom":{"minecraft:interact_with_anvil":4,"minecraft:mob_kills":1432,"minecraft:inspect_hopper":2,"minecraft:traded_with_villager":52,"minecraft:interact_with_crafting_table":12,"minecraft:open_shulker_box":1,"minecraft:interact_with_campfire":2,"minecraft:bell_ring":2574,"minecraft:leave_game":3,"minecraft:time_since_death":37593,"minecraft:sleep_in_bed":6,"minecraft:climb_one_cm":9401,"minecraft:time_since_rest":37628,"minecraft:sprint_one_cm":247296,"minecraft:open_enderchest":2,"minecraft:damage_taken":8115,"minecraft:walk_one_cm":308336,"minecraft:drop":3,"minecraft:damage_dealt":6511,"minecraft:talked_to_villager":19,"minecraft:fly_one_cm":1791819,"minecraft:raid_win":3,"minecraft:open_chest":93,"minecraft:crouch_one_cm":304,"minecraft:play_time":165463,"minecraft:deaths":29,"minecraft:sneak_time":1032,"minecraft:walk_under_water_one_cm":4139,"minecraft:boat_one_cm":340,"minecraft:jump":2820,"minecraft:walk_on_water_one_cm":33561,"minecraft:enchant_item":5,"minecraft:total_world_time":165463,"minecraft:fall_one_cm":74646}},"DataVersion":3700}