{"stats":{"minecraft:picked_up":{"minecraft:crafting_table":3,"minecraft:stripped_spruce_log":1,"minecraft:spruce_log":5,"minecraft:dirt":1},"minecraft:killed_by":{"minecraft:player":2},"minecraft:mined":{"minecraft:large_fern":1,"minecraft:grass_block":1,"minecraft:dirt_path":1,"minecraft:spruce_log":4,"minecraft:crafting_table":3,"minecraft:fern":1},"minecraft:dropped":{"minecraft:crafting_table":1},"minecraft:used":{"minecraft:diamond_sword":3,"minecraft:crafting_table":3,"minecraft:stripped_spruce_log":1,"minecraft:spruce_log":4},"minecraft:crafted":{"minecraft:diamond_sword":1,"minecraft:diamond_pickaxe":1,"minecraft:diamond_axe":1,"minecraft:crafting_table":1,"minecraft:spruce_planks":128,"minecraft:stick":8},"minecraft:custom":{"minecraft:open_chest":8,"minecraft:time_since_rest":11988,"minecraft:crouch_one_cm":671,"minecraft:sprint_one_cm":19665,"minecraft:play_time":32266,"minecraft:walk_one_cm":93904,"minecraft:damage_taken":487,"minecraft:deaths":2,"minecraft:sneak_time":222,"minecraft:walk_under_water_one_cm":129,"minecraft:drop":1,"minecraft:jump":249,"minecraft:walk_on_water_one_cm":1935,"minecraft:leave_game":3,"minecraft:time_since_death":10084,"minecraft:sleep_in_bed":2,"minecraft:total_world_time":32266,"minecraft:interact_with_crafting_table":1,"minecraft:fall_one_cm":6971,"minecraft:fly_one_cm":19575}},"DataVersion":3700}