{"stats":{"minecraft:picked_up":{"minecraft:iron_chestplate":1,"minecraft:crafting_table":1,"minecraft:cooked_beef":2,"minecraft:lilac":3,"minecraft:flint":1,"minecraft:oak_log":22,"minecraft:dirt":13,"minecraft:bone":2,"minecraft:gold_nugget":23,"minecraft:iron_ingot":4,"minecraft:iron_pickaxe":1,"minecraft:sugar_cane":6,"minecraft:iron_sword":1,"minecraft:oak_planks":19,"minecraft:iron_boots":1,"minecraft:egg":2,"minecraft:raw_iron":3,"minecraft:stick":5,"minecraft:torch":1,"minecraft:quartz":10,"minecraft:gravel":4,"minecraft:spruce_sapling":3,"minecraft:spruce_log":23,"minecraft:arrow":2,"minecraft:bread":19,"minecraft:netherrack":87,"minecraft:obsidian":8,"minecraft:coal":16,"minecraft:cobblestone":109,"minecraft:ender_pearl":19},"minecraft:killed_by":{"minecraft:endermite":1,"minecraft:player":6,"minecraft:zombified_piglin":1,"minecraft:iron_golem":2},"minecraft:killed":{"minecraft:skeleton":1},"minecraft:mined":{"minecraft:nether_gold_ore":8,"minecraft:white_bed":1,"minecraft:crafting_table":1,"minecraft:torch":1,"minecraft:grass_block":4,"minecraft:nether_quartz_ore":10,"minecraft:cobblestone":2,"minecraft:spruce_leaves":78,"minecraft:sugar_cane":3,"minecraft:oak_planks":20,"minecraft:iron_ore":3,"minecraft:lilac":3,"minecraft:spruce_log":7,"minecraft:stripped_spruce_log":1,"minecraft:coal_ore":16,"minecraft:oak_log":22,"minecraft:gravel":5,"minecraft:dirt":9,"minecraft:stone":108,"minecraft:netherrack":108,"minecraft:ender_chest":1},"minecraft:used":{"minecraft:oak_planks":98,"minecraft:ender_pearl":14,"minecraft:spruce_planks":1,"minecraft:shield":2,"minecraft:iron_sword":42,"minecraft:iron_chestplate":1,"minecraft:torch":1,"minecraft:crafting_table":1,"minecraft:golden_chestplate":1,"minecraft:spruce_log":6,"minecraft:bread":5,"minecraft:iron_pickaxe":294,"minecraft:iron_boots":1,"minecraft:stone_axe":114,"minecraft:cobblestone":51,"minecraft:furnace":1,"minecraft:cooked_beef":1},"minecraft:crafted":{"minecraft:oak_planks":88,"minecraft:spruce_planks":4,"minecraft:furnace":1,"minecraft:diamond_leggings":1,"minecraft:shield":1,"minecraft:diamond_chestplate":1},"minecraft:custom":{"minecraft:interact_with_furnace":3,"minecraft:mob_kills":1,"minecraft:interact_with_crafting_table":4,"minecraft:leave_game":3,"minecraft:time_since_death":1076,"minecraft:sleep_in_bed":5,"minecraft:time_since_rest":1130,"minecraft:sprint_one_cm":111252,"minecraft:open_enderchest":3,"minecraft:damage_taken":3881,"minecraft:walk_one_cm":127762,"minecraft:damage_blocked_by_shield":200,"minecraft:damage_dealt":1128,"minecraft:talked_to_villager":1,"minecraft:fly_one_cm":57462,"minecraft:player_kills":1,"minecraft:open_chest":39,"minecraft:crouch_one_cm":4824,"minecraft:play_time":72416,"minecraft:deaths":14,"minecraft:sneak_time":15051,"minecraft:walk_under_water_one_cm":2270,"minecraft:jump":566,"minecraft:walk_on_water_one_cm":1734,"minecraft:total_world_time":72416,"minecraft:fall_one_cm":15862}},"DataVersion":3700}