{"stats":{"minecraft:used":{"minecraft:iron_shovel":252,"minecraft:spruce_slab":3,"minecraft:ladder":61,"minecraft:poppy":16,"minecraft:shield":56,"minecraft:chest":34,"minecraft:iron_sword":554,"minecraft:bell":1,"minecraft:spruce_leaves":274,"minecraft:obsidian":1,"minecraft:glass":92,"minecraft:lava_bucket":161,"minecraft:villager_spawn_egg":9,"minecraft:grass_block":11,"minecraft:lantern":4,"minecraft:stone_bricks":10,"minecraft:netherite_boots":1,"minecraft:repeater":6,"minecraft:bow":305,"minecraft:oak_sapling":1,"minecraft:furnace":1,"minecraft:potato":1,"minecraft:diamond_boots":2,"minecraft:spruce_door":3,"minecraft:dropper":1,"minecraft:oak_planks":53,"minecraft:stone_pickaxe":163,"minecraft:ender_pearl":108,"minecraft:wooden_pickaxe":5,"minecraft:composter":4,"minecraft:sugar_cane":1,"minecraft:diamond_axe":143,"minecraft:sand":10,"minecraft:netherite_leggings":1,"minecraft:blast_furnace":1,"minecraft:crossbow":169,"minecraft:netherite_helmet":1,"minecraft:note_block":3,"minecraft:end_stone":95,"minecraft:shears":115,"minecraft:lever":2,"minecraft:bread":8,"minecraft:stone_button":1,"minecraft:lectern":87,"minecraft:gravel":5,"minecraft:diamond_sword":294,"minecraft:dark_oak_fence":1,"minecraft:grindstone":2,"minecraft:smithing_table":1,"minecraft:oak_boat":3,"minecraft:bone_meal":2,"minecraft:experience_bottle":1,"minecraft:purpur_block":2,"minecraft:iron_bars":1,"minecraft:netherite_sword":381,"minecraft:enchanting_table":1,"minecraft:flint_and_steel":2,"minecraft:redstone":10,"minecraft:spruce_planks":274,"minecraft:ender_chest":11,"minecraft:stone_hoe":53,"minecraft:netherrack":454,"minecraft:torch":234,"minecraft:dragon_egg":1,"minecraft:dirt":370,"minecraft:anvil":3,"minecraft:white_carpet":124,"minecraft:hopper":19,"minecraft:spruce_stairs":32,"minecraft:cobblestone_wall":2,"minecraft:diamond_helmet":1,"minecraft:shulker_box":20,"minecraft:spruce_fence":11,"minecraft:wooden_axe":39,"minecraft:flowering_azalea":1,"minecraft:bookshelf":32,"minecraft:iron_axe":866,"minecraft:diamond_chestplate":1,"minecraft:light_gray_wool":3,"minecraft:minecart":1,"minecraft:netherite_pickaxe":662,"minecraft:cooked_beef":78,"minecraft:cobbled_deepslate":35,"minecraft:observer":10,"minecraft:cooked_mutton":99,"minecraft:water_bucket":237,"minecraft:cobblestone_stairs":22,"minecraft:netherite_chestplate":1,"minecraft:fletching_table":1,"minecraft:stonecutter":4,"minecraft:cobblestone_slab":14,"minecraft:spruce_fence_gate":1,"minecraft:polished_blackstone_bricks":1,"minecraft:rail":1,"minecraft:comparator":1,"minecraft:tnt":4,"minecraft:crafting_table":10,"minecraft:white_bed":19,"minecraft:spruce_log":421,"minecraft:oak_log":7,"minecraft:piston":3,"minecraft:ender_eye":3,"minecraft:diamond_pickaxe":845,"minecraft:diamond_shovel":385,"minecraft:oak_button":2,"minecraft:iron_pickaxe":250,"minecraft:spruce_trapdoor":86,"minecraft:stone_axe":86,"minecraft:cobblestone":1956,"minecraft:porkchop":1,"minecraft:cooked_porkchop":24,"minecraft:bucket":317,"minecraft:diamond_leggings":1},"minecraft:killed_by":{"minecraft:piglin_brute":3,"minecraft:zombified_piglin":1,"minecraft:wither_skeleton":1,"minecraft:creeper":1,"minecraft:zombie":2,"minecraft:player":15,"minecraft:spider":1,"minecraft:enderman":1,"minecraft:iron_golem":10,"minecraft:ender_dragon":2,"minecraft:shulker":1,"minecraft:skeleton":1},"minecraft:crafted":{"minecraft:smooth_stone":3,"minecraft:oak_planks":24,"minecraft:cobblestone_slab":2,"minecraft:barrel":1,"minecraft:blaze_powder":12,"minecraft:cobblestone_stairs":2,"minecraft:bookshelf":17,"minecraft:shulker_box":1,"minecraft:cooked_mutton":11,"minecraft:iron_bars":16,"minecraft:hopper":9,"minecraft:bow":1,"minecraft:diamond_helmet":1,"minecraft:diamond_leggings":1,"minecraft:iron_boots":1,"minecraft:chest":15,"minecraft:oak_button":1,"minecraft:stone_hoe":1,"minecraft:golden_boots":1,"minecraft:emerald":80,"minecraft:arrow":128,"minecraft:cooked_porkchop":21,"minecraft:diamond_axe":1,"minecraft:crafting_table":1,"minecraft:spruce_planks":592,"minecraft:wooden_pickaxe":1,"minecraft:iron_helmet":2,"minecraft:iron_chestplate":1,"minecraft:stick":516,"minecraft:iron_block":4,"minecraft:gold_ingot":57,"minecraft:composter":1,"minecraft:shears":11,"minecraft:netherite_sword":1,"minecraft:furnace":2,"minecraft:blast_furnace":1,"minecraft:white_carpet":120,"minecraft:flint_and_steel":1,"minecraft:lantern":4,"minecraft:netherite_leggings":1,"minecraft:iron_axe":3,"minecraft:spruce_slab":18,"minecraft:stone_pickaxe":3,"minecraft:minecart":1,"minecraft:cooked_beef":9,"minecraft:diamond_sword":1,"minecraft:enchanting_table":1,"minecraft:iron_sword":4,"minecraft:bucket":3,"minecraft:stone_axe":1,"minecraft:enchanted_book":2,"minecraft:air":0,"minecraft:bread":2,"minecraft:wooden_axe":1,"minecraft:iron_shovel":1,"minecraft:iron_leggings":1,"minecraft:anvil":2,"minecraft:torch":8},"minecraft:killed":{"minecraft:zombified_piglin":7,"minecraft:spider":1,"minecraft:shulker":3,"minecraft:skeleton":5,"minecraft:silverfish":1,"minecraft:piglin_brute":5,"minecraft:piglin":26,"minecraft:pig":15,"minecraft:salmon":1,"minecraft:iron_golem":86,"minecraft:ender_dragon":1,"minecraft:creeper":2,"minecraft:sheep":22,"minecraft:trader_llama":4,"minecraft:pillager":4,"minecraft:zombie":18,"minecraft:ghast":1,"minecraft:blaze":10,"minecraft:cow":12,"minecraft:wandering_trader":2,"minecraft:hoglin":1,"minecraft:wither_skeleton":7,"minecraft:enderman":305},"minecraft:picked_up":{"minecraft:wooden_axe":1,"minecraft:iron_chestplate":2,"minecraft:ender_chest":75,"minecraft:suspicious_stew":3,"minecraft:sentry_armor_trim_smithing_template":1,"minecraft:smithing_table":1,"minecraft:lead":4,"minecraft:diamond_sword":3,"minecraft:oak_stairs":4,"minecraft:enchanted_book":3,"minecraft:gilded_blackstone":6,"minecraft:golden_sword":7,"minecraft:amethyst_block":1,"minecraft:string":6,"minecraft:cooked_salmon":4,"minecraft:netherite_ingot":1,"minecraft:experience_bottle":2,"minecraft:diamond_leggings":1,"minecraft:gold_nugget":374,"minecraft:cobbled_deepslate":448,"minecraft:bucket":1,"minecraft:spruce_planks":195,"minecraft:ender_eye":13,"minecraft:azalea":6,"minecraft:iron_pickaxe":2,"minecraft:iron_boots":1,"minecraft:golden_helmet":4,"minecraft:stick":658,"minecraft:composter":3,"minecraft:big_dripleaf":6,"minecraft:torch":39,"minecraft:spruce_stairs":11,"minecraft:porkchop":27,"minecraft:golden_axe":1,"minecraft:diorite":2,"minecraft:music_disc_pigstep":2,"minecraft:golden_chestplate":2,"minecraft:stone_sword":2,"minecraft:rotten_flesh":28,"minecraft:tropical_fish":13,"minecraft:iron_block":2,"minecraft:bookshelf":15,"minecraft:blaze_rod":6,"minecraft:obsidian":73,"minecraft:cobblestone":2025,"minecraft:magma_block":4,"minecraft:cooked_beef":7,"minecraft:magma_cream":37,"minecraft:repeater":1,"minecraft:water_bucket":3,"minecraft:potato":193,"minecraft:flint":1,"minecraft:tuff":23,"minecraft:lapis_lazuli":35,"minecraft:dirt":645,"minecraft:name_tag":1,"minecraft:bone":29,"minecraft:bow":1,"minecraft:stonecutter":4,"minecraft:wheat_seeds":10,"minecraft:raw_gold":21,"minecraft:bell":1,"minecraft:grindstone":1,"minecraft:fletching_table":1,"minecraft:moss_block":44,"minecraft:oak_planks":213,"minecraft:cooked_porkchop":6,"minecraft:poisonous_potato":8,"minecraft:sand":19,"minecraft:stripped_spruce_log":1,"minecraft:spectral_arrow":23,"minecraft:shulker_box":17,"minecraft:mossy_cobblestone":18,"minecraft:diamond":162,"minecraft:cracked_polished_blackstone_bricks":5,"minecraft:crossbow":2,"minecraft:bone_meal":2,"minecraft:bread":6,"minecraft:rooted_dirt":6,"minecraft:piglin_banner_pattern":2,"minecraft:oak_sapling":4,"minecraft:netherrack":445,"minecraft:dark_oak_fence":1,"minecraft:crimson_roots":1,"minecraft:diamond_pickaxe":3,"minecraft:spruce_leaves":161,"minecraft:crafting_table":12,"minecraft:ladder":1,"minecraft:nether_wart":50,"minecraft:clay_ball":51,"minecraft:leather_leggings":1,"minecraft:wooden_pickaxe":1,"minecraft:gold_block":25,"minecraft:chain":27,"minecraft:purpur_block":2,"minecraft:shield":2,"minecraft:moss_carpet":8,"minecraft:iron_axe":3,"minecraft:white_carpet":2,"minecraft:beef":24,"minecraft:oak_boat":4,"minecraft:light_gray_wool":5,"minecraft:iron_nugget":32,"minecraft:poppy":94,"minecraft:spruce_slab":1,"minecraft:lectern":77,"minecraft:sugar_cane":16,"minecraft:chest":21,"minecraft:spruce_trapdoor":54,"minecraft:raw_iron":55,"minecraft:sandstone":11,"minecraft:end_stone":113,"minecraft:bowl":2,"minecraft:spruce_fence":15,"minecraft:polished_blackstone_bricks":69,"minecraft:stone_button":2,"minecraft:carrot":1,"minecraft:redstone":205,"minecraft:arrow":118,"minecraft:beetroot_seeds":3,"minecraft:shears":1,"minecraft:diamond_boots":1,"minecraft:hay_block":1,"minecraft:gold_ingot":11,"minecraft:rail":1,"minecraft:mutton":48,"minecraft:bone_block":4,"minecraft:white_wool":103,"minecraft:salmon":1,"minecraft:fern":4,"minecraft:leather":27,"minecraft:oak_log":17,"minecraft:ancient_debris":1,"minecraft:cobblestone_wall":13,"minecraft:golden_boots":2,"minecraft:gunpowder":8,"minecraft:cobblestone_stairs":10,"minecraft:cooked_mutton":24,"minecraft:stone_bricks":2,"minecraft:kelp":1,"minecraft:iron_ingot":421,"minecraft:stone_pickaxe":1,"minecraft:iron_sword":1,"minecraft:flowering_azalea":1,"minecraft:soul_sand":10,"minecraft:book":6,"minecraft:pumpkin":7,"minecraft:sweet_berries":43,"minecraft:quartz":2,"minecraft:gravel":5,"minecraft:spruce_sapling":36,"minecraft:white_bed":7,"minecraft:spruce_log":464,"minecraft:crying_obsidian":11,"minecraft:spruce_door":2,"minecraft:dragon_egg":1,"minecraft:diamond_shovel":2,"minecraft:iron_helmet":2,"minecraft:gray_wool":1,"minecraft:coal":77,"minecraft:ender_pearl":72,"minecraft:shulker_shell":3},"minecraft:broken":{"minecraft:iron_shovel":1,"minecraft:leather_leggings":1,"minecraft:stone_pickaxe":1,"minecraft:stone_axe":1,"minecraft:iron_sword":1,"minecraft:wooden_axe":1,"minecraft:iron_axe":3,"minecraft:iron_pickaxe":1},"minecraft:mined":{"minecraft:white_bed":7,"minecraft:spruce_planks":115,"minecraft:cobblestone_stairs":11,"minecraft:spruce_trapdoor":55,"minecraft:granite":6,"minecraft:chiseled_polished_blackstone":1,"minecraft:grass_block":352,"minecraft:cracked_polished_blackstone_bricks":17,"minecraft:composter":3,"minecraft:nether_wart":25,"minecraft:polished_blackstone_bricks":24,"minecraft:magma_block":8,"minecraft:iron_ore":20,"minecraft:cobbled_deepslate":3,"minecraft:fire":12,"minecraft:pumpkin":8,"minecraft:deepslate_lapis_ore":5,"minecraft:fletching_table":1,"minecraft:nether_brick_stairs":1,"minecraft:dark_oak_stairs":6,"minecraft:flowering_azalea_leaves":1,"minecraft:dirt_path":96,"minecraft:oak_stairs":4,"minecraft:spruce_slab":1,"minecraft:deepslate_redstone_ore":33,"minecraft:blackstone":73,"minecraft:crimson_nylium":6,"minecraft:soul_fire":1,"minecraft:clay":6,"minecraft:torch":5,"minecraft:blast_furnace":1,"minecraft:poppy":7,"minecraft:chest":19,"minecraft:nether_quartz_ore":2,"minecraft:glass":3,"minecraft:cobblestone":373,"minecraft:oak_planks":85,"minecraft:grindstone":2,"minecraft:sugar_cane":2,"minecraft:wall_torch":11,"minecraft:amethyst_block":1,"minecraft:seagrass":1,"minecraft:pumpkin_stem":6,"minecraft:purpur_block":2,"minecraft:oak_log":15,"minecraft:sand":17,"minecraft:dirt":204,"minecraft:ancient_debris":1,"minecraft:stonecutter":4,"minecraft:netherrack":389,"minecraft:deepslate":263,"minecraft:oak_leaves":1,"minecraft:nether_gold_ore":75,"minecraft:tuff":8,"minecraft:mossy_cobblestone":18,"minecraft:deepslate_diamond_ore":100,"minecraft:end_stone":115,"minecraft:shulker_box":17,"minecraft:ladder":1,"minecraft:nether_bricks":14,"minecraft:spruce_fence":15,"minecraft:spruce_leaves":197,"minecraft:moss_block":1,"minecraft:sandstone":10,"minecraft:rooted_dirt":6,"minecraft:large_fern":21,"minecraft:stripped_spruce_log":1,"minecraft:gold_block":18,"minecraft:bookshelf":17,"minecraft:potatoes":2,"minecraft:deepslate_iron_ore":32,"minecraft:rail":1,"minecraft:stone":149,"minecraft:ender_chest":12,"minecraft:smithing_table":1,"minecraft:flowering_azalea":1,"minecraft:glass_pane":5,"minecraft:soul_sand":10,"minecraft:spruce_door":1,"minecraft:crafting_table":9,"minecraft:short_grass":10,"minecraft:lectern":77,"minecraft:tall_grass":3,"minecraft:deepslate_gold_ore":11,"minecraft:diorite":6,"minecraft:spruce_stairs":12,"minecraft:cobblestone_wall":9,"minecraft:sweet_berry_bush":14,"minecraft:white_carpet":2,"minecraft:spruce_log":464,"minecraft:coal_ore":62,"minecraft:gravel":6,"minecraft:stone_bricks":1,"minecraft:fern":14},"minecraft:dropped":{"minecraft:iron_sword":1,"minecraft:moss_block":19,"minecraft:porkchop":4,"minecraft:cooked_beef":3,"minecraft:ender_pearl":81,"minecraft:diamond":430,"minecraft:cooked_porkchop":3,"minecraft:crossbow":1,"minecraft:netherite_upgrade_smithing_template":5,"minecraft:leather":2,"minecraft:iron_horse_armor":1,"minecraft:rail":1,"minecraft:elytra":1,"minecraft:sentry_armor_trim_smithing_template":1,"minecraft:spruce_leaves":74,"minecraft:cracked_polished_blackstone_bricks":5,"minecraft:dirt":11,"minecraft:crimson_roots":1,"minecraft:chain":14,"minecraft:gold_nugget":11,"minecraft:gilded_blackstone":2,"minecraft:axolotl_bucket":1,"minecraft:white_wool":22,"minecraft:gold_ingot":1,"minecraft:bone":16,"minecraft:sugar_cane":13,"minecraft:ancient_debris":1,"minecraft:iron_nugget":32,"minecraft:golden_chestplate":3,"minecraft:cobbled_deepslate":144,"minecraft:rotten_flesh":25,"minecraft:oak_planks":8,"minecraft:end_stone":7,"minecraft:white_bed":3,"minecraft:shulker_shell":1,"minecraft:poppy":64,"minecraft:gunpowder":5,"minecraft:beetroot_seeds":3,"minecraft:hopper":2,"minecraft:ladder":8,"minecraft:azalea":5,"minecraft:chest":5,"minecraft:iron_bars":15,"minecraft:arrow":199,"minecraft:glass":4,"minecraft:crying_obsidian":11,"minecraft:quartz":2,"minecraft:netherrack":57,"minecraft:water_bucket":4,"minecraft:stone_hoe":1,"minecraft:enchanted_book":2,"minecraft:golden_boots":3,"minecraft:iron_ingot":137,"minecraft:wheat_seeds":7,"minecraft:golden_helmet":4,"minecraft:tnt":1,"minecraft:diamond_leggings":1,"minecraft:poisonous_potato":8,"minecraft:iron_helmet":2,"minecraft:golden_axe":1,"minecraft:cobblestone":1107,"minecraft:lead":1,"minecraft:spectral_arrow":8,"minecraft:music_disc_pigstep":2,"minecraft:tropical_fish":13,"minecraft:coal":6,"minecraft:stick":1247,"minecraft:torch":261,"minecraft:repeater":2,"minecraft:diamond_helmet":1,"minecraft:iron_leggings":1,"minecraft:iron_axe":2,"minecraft:string":6,"minecraft:spruce_sapling":2,"minecraft:redstone":1,"minecraft:moss_carpet":8,"minecraft:netherite_ingot":10,"minecraft:ender_chest":66,"minecraft:nether_wart":18,"minecraft:stone_sword":2,"minecraft:bowl":2,"minecraft:tuff":9,"minecraft:experience_bottle":3,"minecraft:raw_iron":55,"minecraft:iron_boots":2,"minecraft:name_tag":2,"minecraft:ender_eye":13,"minecraft:shulker_box":1,"minecraft:shears":2,"minecraft:suspicious_stew":3,"minecraft:flint_and_steel":1,"minecraft:diamond_sword":2,"minecraft:potato":897,"minecraft:cobblestone_slab":1,"minecraft:shield":1,"minecraft:piglin_banner_pattern":2,"minecraft:spruce_trapdoor":1,"minecraft:spruce_planks":172,"minecraft:iron_chestplate":2,"minecraft:oak_sapling":1,"minecraft:golden_sword":7,"minecraft:bow":1,"minecraft:raw_gold":21},"minecraft:custom":{"minecraft:interact_with_crafting_table":79,"minecraft:open_shulker_box":45,"minecraft:bell_ring":4,"minecraft:leave_game":32,"minecraft:time_since_death":6500,"minecraft:sprint_one_cm":1745092,"minecraft:damage_blocked_by_shield":2203,"minecraft:drop":789,"minecraft:talked_to_villager":245,"minecraft:play_time":1048914,"minecraft:deaths":84,"minecraft:jump":13796,"minecraft:walk_on_water_one_cm":71053,"minecraft:interact_with_furnace":22,"minecraft:traded_with_villager":112,"minecraft:sleep_in_bed":70,"minecraft:open_enderchest":19,"minecraft:damage_dealt":107103,"minecraft:player_kills":32,"minecraft:crouch_one_cm":293447,"minecraft:interact_with_smoker":4,"minecraft:interact_with_smithing_table":14,"minecraft:interact_with_anvil":16,"minecraft:mob_kills":545,"minecraft:inspect_hopper":21,"minecraft:interact_with_campfire":36,"minecraft:climb_one_cm":21626,"minecraft:walk_one_cm":2241787,"minecraft:sneak_time":86175,"minecraft:walk_under_water_one_cm":56308,"minecraft:boat_one_cm":119504,"minecraft:interact_with_blast_furnace":4,"minecraft:total_world_time":1048914,"minecraft:tune_noteblock":3,"minecraft:interact_with_stonecutter":4,"minecraft:interact_with_grindstone":4,"minecraft:time_since_rest":6265,"minecraft:damage_taken":416657,"minecraft:swim_one_cm":57692,"minecraft:fly_one_cm":5019402,"minecraft:open_chest":782,"minecraft:fall_one_cm":5559594}},"DataVersion":3700}