{"stats":{"minecraft:used":{"minecraft:iron_shovel":252,"minecraft:elytra":41,"minecraft:spruce_slab":3,"minecraft:ladder":61,"minecraft:poppy":16,"minecraft:shield":56,"minecraft:chest":38,"minecraft:iron_sword":554,"minecraft:stone":23,"minecraft:bell":1,"minecraft:spruce_leaves":275,"minecraft:obsidian":1,"minecraft:glass":92,"minecraft:jungle_sapling":5,"minecraft:lava_bucket":178,"minecraft:villager_spawn_egg":12,"minecraft:grass_block":11,"minecraft:lantern":4,"minecraft:netherite_hoe":1,"minecraft:stone_bricks":10,"minecraft:repeater":6,"minecraft:netherite_boots":1,"minecraft:bow":305,"minecraft:oak_sapling":2,"minecraft:furnace":1,"minecraft:egg":1,"minecraft:potato":1,"minecraft:diamond_boots":2,"minecraft:spruce_door":3,"minecraft:dropper":1,"minecraft:oak_planks":53,"minecraft:stone_pickaxe":163,"minecraft:ender_pearl":108,"minecraft:wooden_pickaxe":5,"minecraft:composter":4,"minecraft:sugar_cane":4,"minecraft:diamond_axe":501,"minecraft:sand":10,"minecraft:netherite_leggings":1,"minecraft:blast_furnace":1,"minecraft:netherite_helmet":1,"minecraft:crossbow":169,"minecraft:note_block":3,"minecraft:end_stone":95,"minecraft:shears":223,"minecraft:lever":3,"minecraft:firework_rocket":24,"minecraft:bread":8,"minecraft:string":3,"minecraft:stone_button":1,"minecraft:lectern":87,"minecraft:gravel":5,"minecraft:lilac":1,"minecraft:diamond_sword":294,"minecraft:dark_oak_fence":1,"minecraft:grindstone":2,"minecraft:smithing_table":1,"minecraft:oak_boat":3,"minecraft:bone_meal":3,"minecraft:experience_bottle":1,"minecraft:purpur_block":2,"minecraft:netherite_sword":902,"minecraft:iron_bars":1,"minecraft:jungle_leaves":4,"minecraft:enchanting_table":1,"minecraft:flint_and_steel":2,"minecraft:redstone":10,"minecraft:spruce_planks":380,"minecraft:ender_chest":20,"minecraft:stone_hoe":53,"minecraft:netherrack":588,"minecraft:torch":246,"minecraft:dragon_egg":1,"minecraft:brewing_stand":1,"minecraft:dirt":453,"minecraft:anvil":3,"minecraft:white_carpet":124,"minecraft:hopper":39,"minecraft:diamond_helmet":1,"minecraft:spruce_stairs":36,"minecraft:cobblestone_wall":2,"minecraft:spruce_fence":11,"minecraft:shulker_box":24,"minecraft:wooden_axe":39,"minecraft:flowering_azalea":1,"minecraft:bookshelf":32,"minecraft:iron_axe":866,"minecraft:barrel":3,"minecraft:bamboo":311,"minecraft:diamond_chestplate":1,"minecraft:light_gray_wool":3,"minecraft:glowstone":2,"minecraft:tripwire_hook":2,"minecraft:netherite_pickaxe":4345,"minecraft:minecart":1,"minecraft:cooked_beef":85,"minecraft:bamboo_planks":4,"minecraft:cobbled_deepslate":35,"minecraft:observer":10,"minecraft:cooked_mutton":158,"minecraft:water_bucket":272,"minecraft:cobblestone_stairs":22,"minecraft:netherite_chestplate":41,"minecraft:fletching_table":1,"minecraft:stonecutter":4,"minecraft:cobblestone_slab":46,"minecraft:spruce_fence_gate":1,"minecraft:polished_blackstone_bricks":1,"minecraft:tnt":4,"minecraft:rail":1,"minecraft:comparator":1,"minecraft:crafting_table":10,"minecraft:white_bed":20,"minecraft:campfire":1,"minecraft:spruce_log":431,"minecraft:oak_log":7,"minecraft:piston":3,"minecraft:ender_eye":3,"minecraft:diamond_pickaxe":845,"minecraft:diamond_shovel":828,"minecraft:oak_button":2,"minecraft:iron_pickaxe":250,"minecraft:spruce_trapdoor":93,"minecraft:stone_axe":86,"minecraft:fishing_rod":42,"minecraft:cobblestone":2134,"minecraft:porkchop":1,"minecraft:cooked_porkchop":24,"minecraft:bucket":367,"minecraft:diamond_leggings":1},"minecraft:killed_by":{"minecraft:zombified_piglin":1,"minecraft:wither_skeleton":1,"minecraft:piglin_brute":3,"minecraft:creeper":1,"minecraft:zombie":2,"minecraft:player":18,"minecraft:spider":1,"minecraft:enderman":1,"minecraft:iron_golem":11,"minecraft:ender_dragon":2,"minecraft:shulker":1,"minecraft:skeleton":1},"minecraft:crafted":{"minecraft:smooth_stone":3,"minecraft:oak_planks":24,"minecraft:cobblestone_slab":2,"minecraft:barrel":1,"minecraft:blaze_powder":12,"minecraft:cobblestone_stairs":2,"minecraft:lever":1,"minecraft:bookshelf":17,"minecraft:shulker_box":1,"minecraft:cooked_mutton":11,"minecraft:iron_bars":16,"minecraft:bamboo_block":36,"minecraft:hopper":9,"minecraft:bow":5,"minecraft:diamond_helmet":1,"minecraft:diamond_leggings":1,"minecraft:iron_boots":1,"minecraft:chest":15,"minecraft:oak_button":1,"minecraft:netherite_upgrade_smithing_template":6,"minecraft:stone_hoe":1,"minecraft:golden_boots":1,"minecraft:arrow":128,"minecraft:emerald":204,"minecraft:cooked_porkchop":21,"minecraft:diamond_axe":1,"minecraft:crafting_table":1,"minecraft:spruce_planks":592,"minecraft:wooden_pickaxe":1,"minecraft:iron_helmet":2,"minecraft:campfire":1,"minecraft:bamboo_planks":72,"minecraft:iron_chestplate":1,"minecraft:stick":516,"minecraft:netherite_hoe":1,"minecraft:iron_block":4,"minecraft:gold_ingot":57,"minecraft:composter":1,"minecraft:shears":12,"minecraft:redstone":2,"minecraft:fishing_rod":4,"minecraft:tripwire_hook":2,"minecraft:netherite_sword":1,"minecraft:furnace":2,"minecraft:blast_furnace":1,"minecraft:white_carpet":120,"minecraft:flint_and_steel":1,"minecraft:lantern":10,"minecraft:netherite_leggings":1,"minecraft:iron_axe":3,"minecraft:spruce_slab":18,"minecraft:stone_pickaxe":3,"minecraft:minecart":1,"minecraft:cooked_beef":9,"minecraft:coal_block":2,"minecraft:diamond_sword":1,"minecraft:enchanting_table":1,"minecraft:iron_sword":4,"minecraft:bucket":3,"minecraft:stone_axe":1,"minecraft:enchanted_book":2,"minecraft:air":0,"minecraft:bread":2,"minecraft:wooden_axe":1,"minecraft:iron_shovel":1,"minecraft:iron_leggings":1,"minecraft:anvil":2,"minecraft:torch":8},"minecraft:killed":{"minecraft:zombified_piglin":7,"minecraft:spider":1,"minecraft:shulker":3,"minecraft:skeleton":8,"minecraft:silverfish":1,"minecraft:piglin_brute":5,"minecraft:piglin":26,"minecraft:pig":15,"minecraft:salmon":1,"minecraft:iron_golem":93,"minecraft:ender_dragon":1,"minecraft:creeper":2,"minecraft:sheep":22,"minecraft:trader_llama":4,"minecraft:pillager":4,"minecraft:zombie":18,"minecraft:ghast":1,"minecraft:blaze":10,"minecraft:cow":12,"minecraft:wandering_trader":2,"minecraft:hoglin":1,"minecraft:wither_skeleton":7,"minecraft:villager":1,"minecraft:enderman":914},"minecraft:picked_up":{"minecraft:wooden_axe":1,"minecraft:iron_chestplate":2,"minecraft:ender_chest":83,"minecraft:suspicious_stew":3,"minecraft:sentry_armor_trim_smithing_template":1,"minecraft:smithing_table":1,"minecraft:lead":4,"minecraft:diamond_sword":3,"minecraft:oak_stairs":4,"minecraft:enchanted_book":3,"minecraft:gilded_blackstone":6,"minecraft:brewing_stand":1,"minecraft:golden_sword":7,"minecraft:amethyst_block":1,"minecraft:string":1987,"minecraft:raw_copper":32,"minecraft:cooked_salmon":4,"minecraft:netherite_ingot":2,"minecraft:experience_bottle":2,"minecraft:diamond_leggings":1,"minecraft:gold_nugget":374,"minecraft:cobbled_deepslate":448,"minecraft:bucket":2,"minecraft:spruce_planks":300,"minecraft:iron_pickaxe":2,"minecraft:cobblestone_slab":136,"minecraft:ender_eye":13,"minecraft:azalea":6,"minecraft:netherite_upgrade_smithing_template":3,"minecraft:melon_slice":21,"minecraft:iron_boots":1,"minecraft:golden_helmet":4,"minecraft:stick":686,"minecraft:composter":3,"minecraft:big_dripleaf":6,"minecraft:torch":358,"minecraft:spruce_stairs":15,"minecraft:porkchop":27,"minecraft:golden_axe":1,"minecraft:diorite":2,"minecraft:music_disc_pigstep":2,"minecraft:golden_chestplate":2,"minecraft:stone_sword":2,"minecraft:nether_gold_ore":8,"minecraft:rotten_flesh":30,"minecraft:tropical_fish":13,"minecraft:iron_block":2,"minecraft:glowstone":57,"minecraft:bookshelf":15,"minecraft:blaze_rod":6,"minecraft:obsidian":89,"minecraft:cobblestone":2240,"minecraft:magma_block":62,"minecraft:lilac":1,"minecraft:cooked_beef":7,"minecraft:repeater":1,"minecraft:magma_cream":37,"minecraft:water_bucket":3,"minecraft:jungle_log":96,"minecraft:potato":193,"minecraft:flint":1,"minecraft:tuff":23,"minecraft:lapis_lazuli":35,"minecraft:dirt":982,"minecraft:lantern":28,"minecraft:name_tag":1,"minecraft:bone":37,"minecraft:stonecutter":4,"minecraft:bow":1,"minecraft:wheat_seeds":12,"minecraft:raw_gold":21,"minecraft:bell":1,"minecraft:grindstone":1,"minecraft:mossy_stone_bricks":1,"minecraft:bamboo":1865,"minecraft:fletching_table":1,"minecraft:glowstone_dust":5,"minecraft:moss_block":44,"minecraft:oak_planks":213,"minecraft:cooked_porkchop":6,"minecraft:poisonous_potato":8,"minecraft:sand":19,"minecraft:stripped_spruce_log":1,"minecraft:spectral_arrow":23,"minecraft:barrel":2,"minecraft:shulker_box":21,"minecraft:mossy_cobblestone":18,"minecraft:jungle_leaves":4,"minecraft:diamond":170,"minecraft:spruce_boat":1,"minecraft:cracked_polished_blackstone_bricks":5,"minecraft:crossbow":2,"minecraft:bone_meal":3,"minecraft:bread":6,"minecraft:rooted_dirt":6,"minecraft:piglin_banner_pattern":2,"minecraft:oak_sapling":5,"minecraft:netherrack":701,"minecraft:dark_oak_fence":1,"minecraft:oak_leaves":2,"minecraft:crimson_roots":1,"minecraft:diamond_pickaxe":5,"minecraft:spruce_leaves":389,"minecraft:cocoa_beans":14,"minecraft:crafting_table":13,"minecraft:nether_wart":50,"minecraft:ladder":1,"minecraft:clay_ball":51,"minecraft:leather_leggings":1,"minecraft:wooden_pickaxe":1,"minecraft:gold_block":25,"minecraft:chain":27,"minecraft:purpur_block":2,"minecraft:shield":2,"minecraft:moss_carpet":8,"minecraft:iron_axe":3,"minecraft:netherite_scrap":58,"minecraft:white_carpet":2,"minecraft:blackstone":62,"minecraft:netherite_sword":3,"minecraft:beef":24,"minecraft:oak_boat":4,"minecraft:jungle_sapling":9,"minecraft:iron_nugget":32,"minecraft:poppy":106,"minecraft:light_gray_wool":5,"minecraft:spruce_slab":1,"minecraft:lectern":77,"minecraft:sugar_cane":24,"minecraft:chest":25,"minecraft:spruce_trapdoor":62,"minecraft:diamond_hoe":1,"minecraft:egg":1,"minecraft:raw_iron":55,"minecraft:sandstone":11,"minecraft:end_stone":113,"minecraft:stone":58,"minecraft:bowl":2,"minecraft:spruce_fence":15,"minecraft:polished_blackstone_bricks":69,"minecraft:stone_button":2,"minecraft:carrot":21,"minecraft:redstone":205,"minecraft:arrow":126,"minecraft:beetroot_seeds":3,"minecraft:shears":1,"minecraft:diamond_boots":1,"minecraft:hay_block":1,"minecraft:gold_ingot":11,"minecraft:mutton":48,"minecraft:white_wool":103,"minecraft:bone_block":4,"minecraft:rail":1,"minecraft:clock":1,"minecraft:basalt":15,"minecraft:salmon":1,"minecraft:leather":27,"minecraft:fern":4,"minecraft:oak_log":17,"minecraft:ancient_debris":58,"minecraft:cobblestone_wall":13,"minecraft:golden_boots":2,"minecraft:gunpowder":8,"minecraft:cobblestone_stairs":10,"minecraft:cooked_mutton":24,"minecraft:stone_bricks":28,"minecraft:kelp":1,"minecraft:iron_ingot":442,"minecraft:stone_pickaxe":1,"minecraft:iron_sword":1,"minecraft:flowering_azalea":1,"minecraft:soul_sand":23,"minecraft:book":6,"minecraft:bamboo_planks":4,"minecraft:pumpkin":7,"minecraft:sweet_berries":43,"minecraft:quartz":2,"minecraft:gravel":23,"minecraft:lava_bucket":1,"minecraft:spruce_sapling":57,"minecraft:white_bed":8,"minecraft:spruce_log":562,"minecraft:crying_obsidian":11,"minecraft:spruce_door":2,"minecraft:dragon_egg":1,"minecraft:firework_rocket":3,"minecraft:diamond_shovel":4,"minecraft:campfire":1,"minecraft:iron_helmet":2,"minecraft:gray_wool":1,"minecraft:coal":80,"minecraft:hopper":4,"minecraft:ender_pearl":255,"minecraft:shulker_shell":3},"minecraft:broken":{"minecraft:iron_shovel":1,"minecraft:leather_leggings":1,"minecraft:shears":1,"minecraft:stone_pickaxe":1,"minecraft:stone_axe":1,"minecraft:iron_sword":1,"minecraft:wooden_axe":1,"minecraft:fishing_rod":2,"minecraft:iron_axe":3,"minecraft:iron_pickaxe":1},"minecraft:mined":{"minecraft:spruce_planks":209,"minecraft:white_bed":8,"minecraft:cobblestone_stairs":11,"minecraft:jungle_leaves":143,"minecraft:spruce_trapdoor":59,"minecraft:granite":6,"minecraft:chiseled_polished_blackstone":1,"minecraft:grass_block":412,"minecraft:jungle_log":96,"minecraft:cracked_polished_blackstone_bricks":17,"minecraft:composter":3,"minecraft:hopper":4,"minecraft:nether_wart":25,"minecraft:polished_blackstone_bricks":24,"minecraft:magma_block":42,"minecraft:glowstone":48,"minecraft:iron_ore":20,"minecraft:barrel":2,"minecraft:fire":26,"minecraft:cobbled_deepslate":3,"minecraft:pumpkin":8,"minecraft:deepslate_lapis_ore":5,"minecraft:fletching_table":1,"minecraft:nether_brick_stairs":1,"minecraft:dark_oak_stairs":6,"minecraft:flowering_azalea_leaves":1,"minecraft:dirt_path":112,"minecraft:oak_stairs":4,"minecraft:spruce_slab":1,"minecraft:deepslate_redstone_ore":33,"minecraft:blackstone":125,"minecraft:crimson_nylium":6,"minecraft:soul_fire":1,"minecraft:clay":6,"minecraft:torch":87,"minecraft:blast_furnace":1,"minecraft:poppy":7,"minecraft:melon":5,"minecraft:chest":19,"minecraft:glass":3,"minecraft:nether_quartz_ore":10,"minecraft:cobblestone":467,"minecraft:oak_planks":85,"minecraft:sugar_cane":6,"minecraft:grindstone":2,"minecraft:wall_torch":175,"minecraft:amethyst_block":1,"minecraft:seagrass":1,"minecraft:bamboo_planks":4,"minecraft:lilac":1,"minecraft:pumpkin_stem":6,"minecraft:purpur_block":2,"minecraft:oak_log":15,"minecraft:sand":17,"minecraft:dirt":520,"minecraft:deepslate":263,"minecraft:ancient_debris":57,"minecraft:stonecutter":4,"minecraft:netherrack":3527,"minecraft:nether_gold_ore":84,"minecraft:oak_leaves":14,"minecraft:tuff":8,"minecraft:mossy_cobblestone":18,"minecraft:deepslate_diamond_ore":100,"minecraft:end_stone":115,"minecraft:shulker_box":21,"minecraft:nether_bricks":14,"minecraft:ladder":1,"minecraft:spruce_fence":15,"minecraft:spruce_leaves":317,"minecraft:moss_block":1,"minecraft:sandstone":10,"minecraft:rooted_dirt":6,"minecraft:large_fern":23,"minecraft:jungle_sapling":1,"minecraft:stripped_spruce_log":1,"minecraft:gold_block":18,"minecraft:bookshelf":17,"minecraft:potatoes":2,"minecraft:deepslate_iron_ore":32,"minecraft:cobblestone_slab":15,"minecraft:vine":3,"minecraft:rail":1,"minecraft:lantern":23,"minecraft:bamboo_sapling":25,"minecraft:bamboo":364,"minecraft:stone":272,"minecraft:ender_chest":21,"minecraft:smithing_table":1,"minecraft:flowering_azalea":1,"minecraft:glass_pane":5,"minecraft:soul_sand":18,"minecraft:basalt":15,"minecraft:spruce_door":1,"minecraft:crafting_table":9,"minecraft:short_grass":12,"minecraft:campfire":1,"minecraft:lectern":77,"minecraft:copper_ore":8,"minecraft:tall_grass":3,"minecraft:deepslate_gold_ore":11,"minecraft:diorite":6,"minecraft:spruce_stairs":14,"minecraft:cobblestone_wall":9,"minecraft:sweet_berry_bush":14,"minecraft:white_carpet":2,"minecraft:spruce_log":560,"minecraft:coal_ore":62,"minecraft:cocoa":6,"minecraft:gravel":8,"minecraft:stone_bricks":36,"minecraft:fern":14},"minecraft:dropped":{"minecraft:iron_sword":1,"minecraft:moss_block":19,"minecraft:porkchop":4,"minecraft:cooked_beef":4,"minecraft:ender_pearl":2023,"minecraft:diamond":430,"minecraft:cooked_porkchop":3,"minecraft:netherite_upgrade_smithing_template":6,"minecraft:crossbow":1,"minecraft:lantern":14,"minecraft:leather":2,"minecraft:iron_horse_armor":1,"minecraft:elytra":1,"minecraft:rail":1,"minecraft:sentry_armor_trim_smithing_template":1,"minecraft:emerald":20,"minecraft:spruce_leaves":90,"minecraft:cracked_polished_blackstone_bricks":5,"minecraft:dirt":13,"minecraft:netherite_scrap":29,"minecraft:mutton":5,"minecraft:crimson_roots":1,"minecraft:chain":14,"minecraft:gold_nugget":11,"minecraft:gilded_blackstone":2,"minecraft:axolotl_bucket":1,"minecraft:white_wool":22,"minecraft:gold_ingot":17,"minecraft:bone":16,"minecraft:gravel":9,"minecraft:sugar_cane":13,"minecraft:ancient_debris":1,"minecraft:iron_nugget":32,"minecraft:golden_chestplate":3,"minecraft:cobbled_deepslate":144,"minecraft:netherite_sword":3,"minecraft:obsidian":8,"minecraft:rotten_flesh":25,"minecraft:oak_planks":8,"minecraft:diamond_shovel":2,"minecraft:end_stone":7,"minecraft:glowstone_dust":5,"minecraft:cooked_mutton":6,"minecraft:white_bed":3,"minecraft:carrot":340,"minecraft:shulker_shell":1,"minecraft:poppy":71,"minecraft:gunpowder":5,"minecraft:beetroot_seeds":3,"minecraft:glowstone":201,"minecraft:hopper":2,"minecraft:chest":9,"minecraft:ladder":8,"minecraft:azalea":5,"minecraft:iron_bars":15,"minecraft:arrow":199,"minecraft:glass":4,"minecraft:campfire":1,"minecraft:crying_obsidian":11,"minecraft:quartz":2,"minecraft:netherrack":57,"minecraft:firework_rocket":11,"minecraft:iron_ingot":137,"minecraft:stone_hoe":1,"minecraft:enchanted_book":2,"minecraft:water_bucket":4,"minecraft:golden_boots":3,"minecraft:wheat_seeds":10,"minecraft:clock":1,"minecraft:golden_helmet":4,"minecraft:tnt":1,"minecraft:diamond_leggings":1,"minecraft:poisonous_potato":8,"minecraft:iron_helmet":2,"minecraft:golden_axe":1,"minecraft:cobblestone":1107,"minecraft:lead":1,"minecraft:spectral_arrow":8,"minecraft:music_disc_pigstep":2,"minecraft:tropical_fish":13,"minecraft:spruce_stairs":1,"minecraft:coal":9,"minecraft:stick":1250,"minecraft:lava_bucket":1,"minecraft:torch":526,"minecraft:repeater":2,"minecraft:diamond_helmet":1,"minecraft:iron_leggings":1,"minecraft:iron_axe":2,"minecraft:string":2557,"minecraft:bucket":1,"minecraft:spruce_sapling":6,"minecraft:redstone":1,"minecraft:bamboo_planks":6,"minecraft:moss_carpet":8,"minecraft:netherite_hoe":1,"minecraft:netherite_ingot":10,"minecraft:ender_chest":67,"minecraft:nether_wart":18,"minecraft:stone_sword":2,"minecraft:bowl":2,"minecraft:tuff":9,"minecraft:raw_iron":55,"minecraft:experience_bottle":3,"minecraft:iron_boots":2,"minecraft:name_tag":2,"minecraft:ender_eye":13,"minecraft:shears":2,"minecraft:shulker_box":1,"minecraft:flint_and_steel":1,"minecraft:suspicious_stew":3,"minecraft:diamond_sword":2,"minecraft:potato":897,"minecraft:cobblestone_slab":110,"minecraft:spruce_boat":1,"minecraft:stone":3,"minecraft:shield":1,"minecraft:piglin_banner_pattern":2,"minecraft:spruce_trapdoor":5,"minecraft:spruce_planks":173,"minecraft:diamond_pickaxe":2,"minecraft:iron_chestplate":2,"minecraft:oak_sapling":1,"minecraft:golden_sword":7,"minecraft:stone_bricks":26,"minecraft:bamboo":64,"minecraft:bow":1,"minecraft:raw_gold":21},"minecraft:custom":{"minecraft:interact_with_crafting_table":100,"minecraft:open_barrel":1,"minecraft:open_shulker_box":51,"minecraft:bell_ring":4,"minecraft:leave_game":35,"minecraft:time_since_death":102882,"minecraft:sprint_one_cm":2420767,"minecraft:damage_blocked_by_shield":2203,"minecraft:drop":2838,"minecraft:talked_to_villager":329,"minecraft:play_time":1425141,"minecraft:deaths":101,"minecraft:jump":18130,"minecraft:walk_on_water_one_cm":119326,"minecraft:enchant_item":1,"minecraft:interact_with_furnace":27,"minecraft:traded_with_villager":248,"minecraft:sleep_in_bed":86,"minecraft:open_enderchest":35,"minecraft:damage_dealt":116161,"minecraft:player_kills":42,"minecraft:crouch_one_cm":332882,"minecraft:interact_with_smithing_table":17,"minecraft:interact_with_smoker":5,"minecraft:inspect_dropper":2,"minecraft:interact_with_anvil":19,"minecraft:mob_kills":1165,"minecraft:inspect_hopper":44,"minecraft:interact_with_campfire":36,"minecraft:climb_one_cm":30439,"minecraft:walk_one_cm":3221515,"minecraft:sneak_time":101523,"minecraft:walk_under_water_one_cm":153109,"minecraft:boat_one_cm":119696,"minecraft:interact_with_blast_furnace":4,"minecraft:total_world_time":1425141,"minecraft:tune_noteblock":3,"minecraft:interact_with_stonecutter":4,"minecraft:interact_with_grindstone":4,"minecraft:time_since_rest":102911,"minecraft:damage_taken":424906,"minecraft:swim_one_cm":67650,"minecraft:fly_one_cm":5959415,"minecraft:open_chest":974,"minecraft:aviate_one_cm":11077538,"minecraft:fall_one_cm":5672300}},"DataVersion":3700}