{"stats":{"minecraft:killed":{"minecraft:pig":2,"minecraft:iron_golem":2,"minecraft:creeper":1,"minecraft:sheep":5,"minecraft:pillager":4,"minecraft:zombie":2,"minecraft:cow":1},"minecraft:killed_by":{"minecraft:spider":1,"minecraft:iron_golem":2,"minecraft:skeleton":1},"minecraft:crafted":{"minecraft:oak_planks":24,"minecraft:furnace":1,"minecraft:flint_and_steel":1,"minecraft:iron_boots":1,"minecraft:iron_axe":1,"minecraft:spruce_slab":24,"minecraft:stone_pickaxe":2,"minecraft:spruce_boat":2,"minecraft:stone_hoe":1,"minecraft:oak_slab":12,"minecraft:emerald":1,"minecraft:crafting_table":1,"minecraft:spruce_planks":644,"minecraft:wooden_pickaxe":1,"minecraft:bucket":2,"minecraft:stone_axe":1,"minecraft:bread":2,"minecraft:air":0,"minecraft:spruce_trapdoor":8,"minecraft:stick":16,"minecraft:iron_ingot":3,"minecraft:wooden_axe":1,"minecraft:iron_shovel":1,"minecraft:iron_leggings":1,"minecraft:composter":1,"minecraft:torch":8},"minecraft:mined":{"minecraft:spruce_planks":37,"minecraft:farmland":1,"minecraft:white_bed":3,"minecraft:cobblestone_stairs":2,"minecraft:spruce_trapdoor":34,"minecraft:grass_block":87,"minecraft:spruce_leaves":30,"minecraft:composter":1,"minecraft:sandstone":10,"minecraft:rooted_dirt":6,"minecraft:large_fern":14,"minecraft:fire":21,"minecraft:iron_ore":6,"minecraft:pumpkin":7,"minecraft:dark_oak_stairs":6,"minecraft:potatoes":11,"minecraft:oak_stairs":4,"minecraft:stone":38,"minecraft:spruce_slab":9,"minecraft:crafting_table":6,"minecraft:poppy":4,"minecraft:chest":1,"minecraft:cobblestone":20,"minecraft:blue_bed":3,"minecraft:sugar_cane":1,"minecraft:oak_planks":11,"minecraft:spruce_stairs":2,"minecraft:seagrass":1,"minecraft:purple_bed":1,"minecraft:cobblestone_wall":6,"minecraft:wheat":3,"minecraft:sweet_berry_bush":15,"minecraft:spruce_log":125,"minecraft:pumpkin_stem":7,"minecraft:oak_log":9,"minecraft:coal_ore":42,"minecraft:gravel":12,"minecraft:sand":10,"minecraft:dirt":17,"minecraft:stonecutter":1,"minecraft:fern":4},"minecraft:broken":{"minecraft:leather_leggings":1,"minecraft:stone_axe":1},"minecraft:dropped":{"minecraft:stone_hoe":1,"minecraft:iron_ingot":6,"minecraft:bread":5,"minecraft:porkchop":4,"minecraft:oak_log":4,"minecraft:cooked_porkchop":1,"minecraft:poisonous_potato":8,"minecraft:leather":2,"minecraft:coal":5,"minecraft:emerald":1,"minecraft:dirt":40,"minecraft:dark_oak_log":6,"minecraft:torch":2,"minecraft:potion":1,"minecraft:pumpkin":7,"minecraft:spruce_sapling":3,"minecraft:bone":1,"minecraft:sugar_cane":3,"minecraft:bowl":2,"minecraft:experience_bottle":2,"minecraft:raw_iron":3,"minecraft:white_bed":1,"minecraft:pumpkin_seeds":1,"minecraft:flint_and_steel":1,"minecraft:suspicious_stew":3,"minecraft:poppy":5,"minecraft:spruce_boat":2,"minecraft:gunpowder":3,"minecraft:spruce_trapdoor":9,"minecraft:spruce_planks":160,"minecraft:chest":1,"minecraft:oak_sapling":1,"minecraft:spruce_slab":1,"minecraft:spruce_log":150,"minecraft:wooden_pickaxe":1},"minecraft:custom":{"minecraft:mob_kills":17,"minecraft:interact_with_crafting_table":37,"minecraft:interact_with_campfire":14,"minecraft:leave_game":4,"minecraft:time_since_death":54451,"minecraft:climb_one_cm":0,"minecraft:sprint_one_cm":271855,"minecraft:walk_one_cm":295939,"minecraft:damage_blocked_by_shield":176,"minecraft:drop":101,"minecraft:talked_to_villager":17,"minecraft:play_time":125678,"minecraft:deaths":7,"minecraft:sneak_time":9352,"minecraft:walk_under_water_one_cm":8149,"minecraft:boat_one_cm":70660,"minecraft:jump":1732,"minecraft:walk_on_water_one_cm":8172,"minecraft:total_world_time":125678,"minecraft:interact_with_furnace":10,"minecraft:traded_with_villager":2,"minecraft:interact_with_stonecutter":3,"minecraft:sleep_in_bed":10,"minecraft:time_since_rest":9077,"minecraft:damage_taken":2625,"minecraft:damage_dealt":4260,"minecraft:swim_one_cm":30841,"minecraft:fly_one_cm":277920,"minecraft:open_chest":30,"minecraft:crouch_one_cm":24556,"minecraft:fall_one_cm":41374},"minecraft:used":{"minecraft:iron_shovel":124,"minecraft:flint_and_steel":2,"minecraft:armor_stand":1,"minecraft:spruce_slab":39,"minecraft:poppy":2,"minecraft:spruce_planks":149,"minecraft:shield":2,"minecraft:iron_sword":4,"minecraft:stone_hoe":60,"minecraft:torch":2,"minecraft:dirt":81,"minecraft:spruce_stairs":9,"minecraft:spruce_boat":3,"minecraft:wooden_axe":14,"minecraft:lava_bucket":21,"minecraft:iron_axe":208,"minecraft:iron_helmet":1,"minecraft:oak_sapling":1,"minecraft:furnace":2,"minecraft:wheat_seeds":4,"minecraft:water_bucket":21,"minecraft:stone_pickaxe":122,"minecraft:baked_potato":5,"minecraft:oak_planks":3,"minecraft:wooden_pickaxe":5,"minecraft:composter":2,"minecraft:blue_bed":3,"minecraft:stonecutter":1,"minecraft:sand":9,"minecraft:crafting_table":6,"minecraft:white_bed":3,"minecraft:spruce_log":25,"minecraft:bread":16,"minecraft:spruce_trapdoor":44,"minecraft:gravel":9,"minecraft:stone_axe":100,"minecraft:cobblestone":44,"minecraft:purple_bed":2,"minecraft:cooked_porkchop":2,"minecraft:dark_oak_fence":1,"minecraft:bucket":43,"minecraft:oak_boat":1,"minecraft:experience_bottle":1},"minecraft:picked_up":{"minecraft:wooden_axe":1,"minecraft:crafting_table":7,"minecraft:wheat":2,"minecraft:suspicious_stew":3,"minecraft:leather_leggings":1,"minecraft:wooden_pickaxe":2,"minecraft:oak_stairs":4,"minecraft:potion":1,"minecraft:shield":1,"minecraft:armor_stand":1,"minecraft:experience_bottle":2,"minecraft:spruce_planks":37,"minecraft:beef":2,"minecraft:oak_boat":1,"minecraft:spruce_slab":9,"minecraft:poppy":7,"minecraft:sugar_cane":5,"minecraft:chest":1,"minecraft:spruce_trapdoor":41,"minecraft:furnace":1,"minecraft:stick":9,"minecraft:raw_iron":6,"minecraft:sandstone":11,"minecraft:composter":1,"minecraft:torch":2,"minecraft:bowl":2,"minecraft:spruce_stairs":9,"minecraft:porkchop":5,"minecraft:arrow":2,"minecraft:hay_block":1,"minecraft:mutton":9,"minecraft:white_wool":6,"minecraft:cobblestone":81,"minecraft:leather":4,"minecraft:potato":15,"minecraft:flint":1,"minecraft:oak_log":10,"minecraft:cobblestone_wall":6,"minecraft:gunpowder":3,"minecraft:cobblestone_stairs":2,"minecraft:blue_bed":3,"minecraft:dirt":121,"minecraft:bone":1,"minecraft:stonecutter":1,"minecraft:wheat_seeds":15,"minecraft:iron_ingot":7,"minecraft:moss_block":6,"minecraft:iron_sword":1,"minecraft:oak_planks":61,"minecraft:pumpkin":7,"minecraft:sweet_berries":41,"minecraft:poisonous_potato":8,"minecraft:gravel":11,"minecraft:sand":11,"minecraft:spruce_sapling":16,"minecraft:white_bed":3,"minecraft:spruce_log":221,"minecraft:pumpkin_seeds":3,"minecraft:purple_bed":2,"minecraft:spruce_boat":3,"minecraft:bread":7,"minecraft:rooted_dirt":6,"minecraft:baked_potato":14,"minecraft:oak_sapling":4,"minecraft:dark_oak_fence":1,"minecraft:coal":56}},"DataVersion":3700}