{"stats":{"minecraft:dropped":{"minecraft:iron_sword":1,"minecraft:moss_block":19,"minecraft:brown_mushroom":2,"minecraft:porkchop":4,"minecraft:cooked_beef":8,"minecraft:ender_pearl":4197,"minecraft:diamond":430,"minecraft:cooked_porkchop":3,"minecraft:netherite_upgrade_smithing_template":6,"minecraft:crossbow":1,"minecraft:lantern":14,"minecraft:leather":2,"minecraft:iron_horse_armor":1,"minecraft:elytra":1,"minecraft:rail":1,"minecraft:sentry_armor_trim_smithing_template":1,"minecraft:emerald":22,"minecraft:spruce_leaves":90,"minecraft:cracked_polished_blackstone_bricks":5,"minecraft:dirt":13,"minecraft:netherite_scrap":29,"minecraft:mutton":5,"minecraft:crimson_roots":1,"minecraft:chain":14,"minecraft:gold_nugget":11,"minecraft:gilded_blackstone":2,"minecraft:axolotl_bucket":1,"minecraft:white_wool":22,"minecraft:gold_ingot":17,"minecraft:bone":16,"minecraft:gravel":9,"minecraft:sugar_cane":19,"minecraft:ancient_debris":1,"minecraft:iron_nugget":32,"minecraft:golden_chestplate":3,"minecraft:cobbled_deepslate":144,"minecraft:netherite_sword":3,"minecraft:obsidian":8,"minecraft:rotten_flesh":25,"minecraft:oak_planks":8,"minecraft:diamond_shovel":2,"minecraft:glowstone_dust":5,"minecraft:end_stone":7,"minecraft:cooked_mutton":6,"minecraft:white_bed":3,"minecraft:carrot":340,"minecraft:shulker_shell":2,"minecraft:poppy":71,"minecraft:gunpowder":5,"minecraft:beetroot_seeds":3,"minecraft:glowstone":201,"minecraft:hopper":2,"minecraft:chest":9,"minecraft:ladder":8,"minecraft:azalea":5,"minecraft:iron_bars":15,"minecraft:arrow":199,"minecraft:glass":4,"minecraft:campfire":1,"minecraft:crying_obsidian":11,"minecraft:quartz":2,"minecraft:netherrack":57,"minecraft:firework_rocket":132,"minecraft:iron_ingot":137,"minecraft:stone_hoe":1,"minecraft:enchanted_book":2,"minecraft:water_bucket":4,"minecraft:golden_boots":3,"minecraft:wheat_seeds":10,"minecraft:clock":1,"minecraft:golden_helmet":4,"minecraft:tnt":1,"minecraft:diamond_leggings":1,"minecraft:poisonous_potato":8,"minecraft:netherite_helmet":1,"minecraft:iron_helmet":2,"minecraft:golden_axe":1,"minecraft:cobblestone":1107,"minecraft:lead":1,"minecraft:spectral_arrow":8,"minecraft:music_disc_pigstep":2,"minecraft:tropical_fish":13,"minecraft:spruce_stairs":1,"minecraft:coal":9,"minecraft:stick":1250,"minecraft:lava_bucket":1,"minecraft:torch":526,"minecraft:repeater":2,"minecraft:diamond_helmet":1,"minecraft:iron_leggings":1,"minecraft:iron_axe":2,"minecraft:iron_shovel":2,"minecraft:string":3517,"minecraft:bucket":1,"minecraft:spruce_sapling":6,"minecraft:redstone":1,"minecraft:bamboo_planks":6,"minecraft:moss_carpet":8,"minecraft:netherite_hoe":1,"minecraft:netherite_ingot":10,"minecraft:ender_chest":67,"minecraft:nether_wart":18,"minecraft:stone_sword":2,"minecraft:bowl":2,"minecraft:tuff":9,"minecraft:raw_iron":55,"minecraft:experience_bottle":3,"minecraft:iron_boots":2,"minecraft:name_tag":2,"minecraft:ender_eye":13,"minecraft:shears":2,"minecraft:shulker_box":3,"minecraft:flint_and_steel":1,"minecraft:suspicious_stew":3,"minecraft:netherite_leggings":1,"minecraft:diamond_sword":2,"minecraft:potato":1345,"minecraft:cobblestone_slab":110,"minecraft:spruce_boat":1,"minecraft:stone":3,"minecraft:shield":1,"minecraft:piglin_banner_pattern":2,"minecraft:spruce_trapdoor":5,"minecraft:spruce_planks":173,"minecraft:diamond_pickaxe":2,"minecraft:iron_chestplate":2,"minecraft:oak_sapling":1,"minecraft:golden_sword":7,"minecraft:stone_bricks":26,"minecraft:bamboo":64,"minecraft:bow":1,"minecraft:raw_gold":21},"minecraft:used":{"minecraft:iron_shovel":252,"minecraft:elytra":74,"minecraft:spruce_slab":3,"minecraft:ladder":61,"minecraft:poppy":16,"minecraft:shield":74,"minecraft:chest":38,"minecraft:iron_sword":554,"minecraft:stone":34,"minecraft:bell":1,"minecraft:spruce_leaves":275,"minecraft:obsidian":1,"minecraft:glass":315,"minecraft:jungle_sapling":5,"minecraft:lava_bucket":195,"minecraft:villager_spawn_egg":14,"minecraft:grass_block":11,"minecraft:lantern":4,"minecraft:netherite_hoe":81,"minecraft:stone_bricks":10,"minecraft:repeater":6,"minecraft:netherite_boots":2,"minecraft:bow":637,"minecraft:oak_sapling":2,"minecraft:furnace":1,"minecraft:egg":1,"minecraft:potato":80,"minecraft:diamond_boots":2,"minecraft:end_stone_bricks":7,"minecraft:spruce_door":3,"minecraft:dropper":1,"minecraft:oak_planks":53,"minecraft:stone_pickaxe":163,"minecraft:ender_pearl":108,"minecraft:sugar_cane":4,"minecraft:wooden_pickaxe":5,"minecraft:diamond_axe":1112,"minecraft:composter":6,"minecraft:golden_apple":4,"minecraft:sand":10,"minecraft:netherite_leggings":3,"minecraft:blast_furnace":1,"minecraft:netherite_helmet":2,"minecraft:crossbow":169,"minecraft:note_block":3,"minecraft:end_stone":95,"minecraft:shears":223,"minecraft:lever":3,"minecraft:firework_rocket":215,"minecraft:bread":8,"minecraft:string":3,"minecraft:stone_button":1,"minecraft:lectern":87,"minecraft:gravel":5,"minecraft:lilac":1,"minecraft:diamond_sword":294,"minecraft:dark_oak_fence":1,"minecraft:oak_boat":3,"minecraft:grindstone":2,"minecraft:bone_meal":3,"minecraft:smithing_table":1,"minecraft:experience_bottle":1,"minecraft:purpur_block":2,"minecraft:netherite_sword":1334,"minecraft:iron_bars":1,"minecraft:jungle_leaves":4,"minecraft:enchanting_table":1,"minecraft:flint_and_steel":2,"minecraft:redstone":10,"minecraft:spruce_planks":414,"minecraft:ender_chest":27,"minecraft:torch":249,"minecraft:stone_hoe":53,"minecraft:dragon_egg":1,"minecraft:netherrack":588,"minecraft:brewing_stand":1,"minecraft:dirt":762,"minecraft:anvil":3,"minecraft:white_carpet":124,"minecraft:chorus_flower":4,"minecraft:hopper":39,"minecraft:diamond_helmet":1,"minecraft:spruce_stairs":36,"minecraft:cobblestone_wall":2,"minecraft:spruce_fence":11,"minecraft:shulker_box":41,"minecraft:wooden_axe":39,"minecraft:flowering_azalea":1,"minecraft:bookshelf":32,"minecraft:iron_axe":866,"minecraft:barrel":3,"minecraft:bamboo":746,"minecraft:diamond_chestplate":1,"minecraft:tripwire_hook":2,"minecraft:light_gray_wool":3,"minecraft:glowstone":4,"minecraft:netherite_pickaxe":4380,"minecraft:minecart":1,"minecraft:cooked_beef":138,"minecraft:bamboo_planks":4,"minecraft:cobbled_deepslate":35,"minecraft:observer":10,"minecraft:cooked_mutton":158,"minecraft:water_bucket":281,"minecraft:cobblestone_stairs":22,"minecraft:netherite_chestplate":73,"minecraft:fletching_table":1,"minecraft:stonecutter":4,"minecraft:cobblestone_slab":46,"minecraft:spruce_fence_gate":1,"minecraft:polished_blackstone_bricks":1,"minecraft:tnt":4,"minecraft:rail":1,"minecraft:comparator":1,"minecraft:crafting_table":15,"minecraft:white_bed":27,"minecraft:campfire":1,"minecraft:spruce_log":716,"minecraft:oak_log":7,"minecraft:piston":3,"minecraft:ender_eye":3,"minecraft:diamond_pickaxe":845,"minecraft:diamond_shovel":1537,"minecraft:oak_button":2,"minecraft:iron_pickaxe":250,"minecraft:spruce_trapdoor":123,"minecraft:stone_axe":86,"minecraft:fishing_rod":42,"minecraft:cobblestone":2135,"minecraft:porkchop":1,"minecraft:cooked_porkchop":24,"minecraft:bucket":388,"minecraft:diamond_leggings":1},"minecraft:custom":{"minecraft:interact_with_crafting_table":105,"minecraft:open_barrel":1,"minecraft:open_shulker_box":91,"minecraft:bell_ring":4,"minecraft:leave_game":36,"minecraft:time_since_death":87302,"minecraft:sprint_one_cm":2906450,"minecraft:damage_blocked_by_shield":3223,"minecraft:drop":3139,"minecraft:talked_to_villager":350,"minecraft:play_time":1710934,"minecraft:deaths":109,"minecraft:jump":20101,"minecraft:enchant_item":1,"minecraft:walk_on_water_one_cm":129317,"minecraft:interact_with_furnace":28,"minecraft:traded_with_villager":316,"minecraft:sleep_in_bed":91,"minecraft:open_enderchest":46,"minecraft:damage_dealt":123907,"minecraft:player_kills":49,"minecraft:crouch_one_cm":350896,"minecraft:interact_with_smithing_table":17,"minecraft:interact_with_smoker":6,"minecraft:inspect_dropper":2,"minecraft:interact_with_anvil":21,"minecraft:mob_kills":1852,"minecraft:inspect_hopper":52,"minecraft:interact_with_campfire":37,"minecraft:climb_one_cm":31044,"minecraft:walk_one_cm":3967653,"minecraft:sneak_time":112544,"minecraft:walk_under_water_one_cm":167343,"minecraft:boat_one_cm":119696,"minecraft:interact_with_blast_furnace":5,"minecraft:total_world_time":1710934,"minecraft:tune_noteblock":3,"minecraft:interact_with_stonecutter":4,"minecraft:interact_with_grindstone":4,"minecraft:time_since_rest":4395,"minecraft:damage_absorbed":114,"minecraft:damage_taken":431175,"minecraft:swim_one_cm":77417,"minecraft:fly_one_cm":6896203,"minecraft:open_chest":1060,"minecraft:aviate_one_cm":18951268,"minecraft:fall_one_cm":5753190},"minecraft:crafted":{"minecraft:smooth_stone":3,"minecraft:oak_planks":24,"minecraft:cobblestone_slab":2,"minecraft:barrel":1,"minecraft:blaze_powder":12,"minecraft:cobblestone_stairs":2,"minecraft:lever":1,"minecraft:bookshelf":17,"minecraft:shulker_box":6,"minecraft:cooked_mutton":11,"minecraft:iron_bars":16,"minecraft:bamboo_block":36,"minecraft:hopper":9,"minecraft:diamond_helmet":1,"minecraft:bow":9,"minecraft:diamond_leggings":1,"minecraft:iron_boots":1,"minecraft:chest":15,"minecraft:oak_button":1,"minecraft:netherite_upgrade_smithing_template":6,"minecraft:stone_hoe":1,"minecraft:golden_boots":1,"minecraft:arrow":128,"minecraft:emerald":272,"minecraft:cooked_porkchop":21,"minecraft:diamond_axe":1,"minecraft:crafting_table":1,"minecraft:spruce_planks":596,"minecraft:wooden_pickaxe":1,"minecraft:iron_helmet":2,"minecraft:baked_potato":11,"minecraft:campfire":1,"minecraft:bamboo_planks":72,"minecraft:iron_chestplate":1,"minecraft:stick":516,"minecraft:netherite_hoe":1,"minecraft:iron_block":4,"minecraft:gold_ingot":57,"minecraft:composter":1,"minecraft:shears":12,"minecraft:redstone":2,"minecraft:fishing_rod":4,"minecraft:tripwire_hook":2,"minecraft:netherite_sword":1,"minecraft:furnace":2,"minecraft:blast_furnace":1,"minecraft:white_carpet":120,"minecraft:flint_and_steel":1,"minecraft:lantern":10,"minecraft:netherite_leggings":1,"minecraft:iron_axe":3,"minecraft:spruce_slab":18,"minecraft:stone_pickaxe":3,"minecraft:minecart":1,"minecraft:cooked_beef":9,"minecraft:coal_block":2,"minecraft:diamond_sword":1,"minecraft:enchanting_table":1,"minecraft:iron_sword":4,"minecraft:bucket":3,"minecraft:stone_axe":1,"minecraft:enchanted_book":2,"minecraft:bread":2,"minecraft:air":0,"minecraft:wooden_axe":1,"minecraft:iron_shovel":1,"minecraft:iron_leggings":1,"minecraft:anvil":2,"minecraft:torch":8},"minecraft:picked_up":{"minecraft:shulker_shell":14,"minecraft:iron_chestplate":2,"minecraft:ender_chest":93,"minecraft:suspicious_stew":3,"minecraft:sentry_armor_trim_smithing_template":1,"minecraft:smithing_table":1,"minecraft:lead":4,"minecraft:diamond_sword":6,"minecraft:oak_stairs":4,"minecraft:enchanted_book":3,"minecraft:gilded_blackstone":6,"minecraft:brewing_stand":1,"minecraft:golden_sword":7,"minecraft:amethyst_block":1,"minecraft:string":3019,"minecraft:raw_copper":32,"minecraft:cooked_salmon":4,"minecraft:iron_leggings":5,"minecraft:netherite_ingot":2,"minecraft:experience_bottle":2,"minecraft:diamond_leggings":1,"minecraft:gold_nugget":374,"minecraft:cobbled_deepslate":448,"minecraft:bucket":2,"minecraft:spruce_planks":300,"minecraft:iron_pickaxe":6,"minecraft:cobblestone_slab":136,"minecraft:ender_eye":13,"minecraft:azalea":6,"minecraft:netherite_upgrade_smithing_template":3,"minecraft:melon_slice":21,"minecraft:iron_boots":3,"minecraft:golden_helmet":4,"minecraft:stick":766,"minecraft:composter":3,"minecraft:big_dripleaf":6,"minecraft:torch":358,"minecraft:spruce_stairs":15,"minecraft:porkchop":27,"minecraft:golden_axe":1,"minecraft:diorite":2,"minecraft:music_disc_pigstep":2,"minecraft:golden_chestplate":2,"minecraft:stone_sword":2,"minecraft:nether_gold_ore":8,"minecraft:rotten_flesh":32,"minecraft:tropical_fish":13,"minecraft:iron_block":2,"minecraft:glowstone":57,"minecraft:bookshelf":15,"minecraft:end_rod":1,"minecraft:chorus_flower":4,"minecraft:blaze_rod":6,"minecraft:obsidian":89,"minecraft:cobblestone":2241,"minecraft:magma_block":62,"minecraft:lilac":1,"minecraft:feather":2,"minecraft:cooked_beef":7,"minecraft:repeater":1,"minecraft:magma_cream":37,"minecraft:water_bucket":3,"minecraft:jungle_log":96,"minecraft:potato":193,"minecraft:flint":1,"minecraft:tuff":23,"minecraft:lapis_lazuli":35,"minecraft:netherite_leggings":1,"minecraft:dirt":1509,"minecraft:lantern":28,"minecraft:name_tag":1,"minecraft:bone":37,"minecraft:stonecutter":4,"minecraft:bow":1,"minecraft:wheat_seeds":83,"minecraft:raw_gold":21,"minecraft:bell":1,"minecraft:grindstone":1,"minecraft:diamond_helmet":3,"minecraft:mossy_stone_bricks":1,"minecraft:bamboo":5057,"minecraft:fletching_table":1,"minecraft:glowstone_dust":5,"minecraft:moss_block":44,"minecraft:oak_planks":213,"minecraft:cooked_porkchop":6,"minecraft:poisonous_potato":8,"minecraft:sand":19,"minecraft:stripped_spruce_log":2,"minecraft:spectral_arrow":23,"minecraft:barrel":2,"minecraft:shulker_box":40,"minecraft:mossy_cobblestone":18,"minecraft:jungle_leaves":4,"minecraft:diamond":187,"minecraft:spruce_boat":1,"minecraft:netherite_helmet":1,"minecraft:cracked_polished_blackstone_bricks":5,"minecraft:crossbow":2,"minecraft:bone_meal":3,"minecraft:bread":6,"minecraft:emerald":1,"minecraft:rooted_dirt":6,"minecraft:piglin_banner_pattern":2,"minecraft:oak_sapling":5,"minecraft:netherrack":701,"minecraft:dark_oak_fence":1,"minecraft:diamond_pickaxe":6,"minecraft:oak_leaves":2,"minecraft:crimson_roots":1,"minecraft:end_stone_bricks":7,"minecraft:spruce_leaves":389,"minecraft:cocoa_beans":14,"minecraft:crafting_table":18,"minecraft:nether_wart":50,"minecraft:chicken":1,"minecraft:ladder":1,"minecraft:clay_ball":51,"minecraft:leather_leggings":1,"minecraft:brown_mushroom":5,"minecraft:wooden_pickaxe":1,"minecraft:gold_block":25,"minecraft:diamond_horse_armor":1,"minecraft:dragon_head":2,"minecraft:chain":27,"minecraft:purpur_block":2,"minecraft:shield":2,"minecraft:moss_carpet":8,"minecraft:elytra":2,"minecraft:iron_axe":3,"minecraft:netherite_scrap":58,"minecraft:iron_shovel":6,"minecraft:item_frame":2,"minecraft:white_carpet":2,"minecraft:blackstone":62,"minecraft:netherite_sword":3,"minecraft:beef":24,"minecraft:oak_boat":4,"minecraft:jungle_sapling":9,"minecraft:iron_nugget":32,"minecraft:poppy":106,"minecraft:light_gray_wool":5,"minecraft:spruce_slab":1,"minecraft:lectern":77,"minecraft:sugar_cane":30,"minecraft:chest":40,"minecraft:spruce_trapdoor":62,"minecraft:diamond_hoe":1,"minecraft:egg":1,"minecraft:raw_iron":55,"minecraft:sandstone":11,"minecraft:end_stone":113,"minecraft:stone":58,"minecraft:bowl":2,"minecraft:spruce_fence":15,"minecraft:polished_blackstone_bricks":69,"minecraft:stone_button":2,"minecraft:carrot":21,"minecraft:redstone":205,"minecraft:netherite_pickaxe":1,"minecraft:arrow":126,"minecraft:diamond_chestplate":1,"minecraft:beetroot_seeds":10,"minecraft:shears":1,"minecraft:diamond_boots":3,"minecraft:hay_block":1,"minecraft:saddle":3,"minecraft:gold_ingot":40,"minecraft:mutton":48,"minecraft:rail":1,"minecraft:white_wool":103,"minecraft:bone_block":4,"minecraft:clock":1,"minecraft:basalt":15,"minecraft:salmon":1,"minecraft:leather":27,"minecraft:fern":4,"minecraft:purpur_stairs":2,"minecraft:oak_log":17,"minecraft:ancient_debris":58,"minecraft:cobblestone_wall":13,"minecraft:golden_boots":2,"minecraft:gunpowder":8,"minecraft:cobblestone_stairs":10,"minecraft:cooked_mutton":24,"minecraft:stone_bricks":28,"minecraft:kelp":73,"minecraft:iron_ingot":488,"minecraft:stone_pickaxe":1,"minecraft:cooked_chicken":1,"minecraft:flowering_azalea":1,"minecraft:soul_sand":23,"minecraft:iron_sword":3,"minecraft:book":6,"minecraft:bamboo_planks":4,"minecraft:pumpkin":7,"minecraft:sweet_berries":51,"minecraft:quartz":2,"minecraft:gravel":23,"minecraft:lava_bucket":1,"minecraft:spruce_sapling":222,"minecraft:white_bed":8,"minecraft:spruce_log":1133,"minecraft:crying_obsidian":11,"minecraft:spruce_door":2,"minecraft:dragon_egg":1,"minecraft:firework_rocket":3,"minecraft:diamond_shovel":4,"minecraft:campfire":1,"minecraft:iron_helmet":6,"minecraft:gray_wool":1,"minecraft:coal":80,"minecraft:hopper":4,"minecraft:wooden_axe":1,"minecraft:ender_pearl":504},"minecraft:broken":{"minecraft:iron_shovel":1,"minecraft:leather_leggings":1,"minecraft:shears":1,"minecraft:stone_pickaxe":1,"minecraft:stone_axe":1,"minecraft:iron_sword":1,"minecraft:wooden_axe":1,"minecraft:fishing_rod":2,"minecraft:iron_axe":3,"minecraft:iron_pickaxe":1},"minecraft:killed_by":{"minecraft:zombified_piglin":1,"minecraft:wither_skeleton":1,"minecraft:piglin_brute":3,"minecraft:creeper":1,"minecraft:zombie":2,"minecraft:player":18,"minecraft:spider":1,"minecraft:enderman":2,"minecraft:iron_golem":11,"minecraft:ender_dragon":2,"minecraft:shulker":1,"minecraft:skeleton":1},"minecraft:mined":{"minecraft:dragon_wall_head":2,"minecraft:spruce_planks":209,"minecraft:white_bed":8,"minecraft:cobblestone_stairs":11,"minecraft:jungle_leaves":143,"minecraft:spruce_trapdoor":59,"minecraft:granite":6,"minecraft:chiseled_polished_blackstone":1,"minecraft:grass_block":858,"minecraft:jungle_log":96,"minecraft:cracked_polished_blackstone_bricks":17,"minecraft:composter":3,"minecraft:hopper":4,"minecraft:nether_wart":25,"minecraft:chorus_flower":1,"minecraft:polished_blackstone_bricks":24,"minecraft:magma_block":42,"minecraft:glowstone":48,"minecraft:iron_ore":20,"minecraft:barrel":2,"minecraft:fire":26,"minecraft:cobbled_deepslate":3,"minecraft:pumpkin":8,"minecraft:deepslate_lapis_ore":5,"minecraft:fletching_table":1,"minecraft:nether_brick_stairs":1,"minecraft:dark_oak_stairs":6,"minecraft:flowering_azalea_leaves":1,"minecraft:dirt_path":113,"minecraft:oak_stairs":4,"minecraft:end_stone_bricks":3,"minecraft:spruce_slab":1,"minecraft:deepslate_redstone_ore":33,"minecraft:blackstone":125,"minecraft:crimson_nylium":6,"minecraft:soul_fire":1,"minecraft:purpur_stairs":2,"minecraft:clay":6,"minecraft:torch":87,"minecraft:blast_furnace":1,"minecraft:poppy":7,"minecraft:melon":5,"minecraft:chest":34,"minecraft:glass":3,"minecraft:nether_quartz_ore":10,"minecraft:cobblestone":468,"minecraft:oak_planks":85,"minecraft:sugar_cane":6,"minecraft:grindstone":2,"minecraft:wall_torch":175,"minecraft:amethyst_block":1,"minecraft:seagrass":1,"minecraft:bamboo_planks":4,"minecraft:wheat":70,"minecraft:lilac":1,"minecraft:pumpkin_stem":6,"minecraft:purpur_block":2,"minecraft:oak_log":15,"minecraft:sand":17,"minecraft:dirt":656,"minecraft:deepslate":263,"minecraft:nether_gold_ore":84,"minecraft:ancient_debris":57,"minecraft:stonecutter":4,"minecraft:netherrack":3527,"minecraft:oak_leaves":14,"minecraft:tuff":8,"minecraft:mossy_cobblestone":18,"minecraft:deepslate_diamond_ore":100,"minecraft:end_stone":115,"minecraft:shulker_box":38,"minecraft:nether_bricks":14,"minecraft:ladder":1,"minecraft:spruce_fence":15,"minecraft:jungle_planks":2,"minecraft:spruce_leaves":416,"minecraft:moss_block":1,"minecraft:sandstone":10,"minecraft:rooted_dirt":6,"minecraft:large_fern":25,"minecraft:jungle_sapling":1,"minecraft:stripped_spruce_log":2,"minecraft:gold_block":18,"minecraft:bookshelf":17,"minecraft:potatoes":2,"minecraft:cobblestone_slab":15,"minecraft:deepslate_iron_ore":32,"minecraft:vine":3,"minecraft:rail":1,"minecraft:lantern":23,"minecraft:bamboo_sapling":35,"minecraft:bamboo":621,"minecraft:stone":272,"minecraft:ender_chest":31,"minecraft:smithing_table":1,"minecraft:flowering_azalea":1,"minecraft:glass_pane":5,"minecraft:soul_sand":18,"minecraft:basalt":15,"minecraft:spruce_door":1,"minecraft:crafting_table":14,"minecraft:short_grass":13,"minecraft:campfire":1,"minecraft:lectern":77,"minecraft:copper_ore":8,"minecraft:tall_grass":3,"minecraft:deepslate_gold_ore":11,"minecraft:diorite":6,"minecraft:spruce_stairs":14,"minecraft:cobblestone_wall":9,"minecraft:sweet_berry_bush":17,"minecraft:white_carpet":2,"minecraft:spruce_log":1125,"minecraft:coal_ore":62,"minecraft:cocoa":6,"minecraft:end_rod":1,"minecraft:gravel":8,"minecraft:stone_bricks":36,"minecraft:fern":16},"minecraft:killed":{"minecraft:zombified_piglin":7,"minecraft:spider":1,"minecraft:shulker":31,"minecraft:skeleton":8,"minecraft:silverfish":1,"minecraft:piglin_brute":5,"minecraft:piglin":26,"minecraft:pig":15,"minecraft:salmon":1,"minecraft:iron_golem":93,"minecraft:ender_dragon":1,"minecraft:creeper":2,"minecraft:sheep":22,"minecraft:trader_llama":4,"minecraft:pillager":4,"minecraft:zombie":18,"minecraft:ghast":1,"minecraft:blaze":10,"minecraft:cow":12,"minecraft:wandering_trader":2,"minecraft:hoglin":1,"minecraft:wither_skeleton":7,"minecraft:villager":1,"minecraft:enderman":1572}},"DataVersion":3700}