{"stats":{"minecraft:killed":{"minecraft:spider":1,"minecraft:skeleton":3,"minecraft:pig":15,"minecraft:salmon":1,"minecraft:iron_golem":28,"minecraft:creeper":2,"minecraft:sheep":22,"minecraft:pillager":4,"minecraft:zombie":17,"minecraft:enderman":3,"minecraft:cow":12},"minecraft:killed_by":{"minecraft:player":2,"minecraft:creeper":1,"minecraft:spider":1,"minecraft:iron_golem":5,"minecraft:skeleton":1,"minecraft:zombie":2},"minecraft:crafted":{"minecraft:smooth_stone":3,"minecraft:oak_planks":24,"minecraft:furnace":2,"minecraft:blast_furnace":1,"minecraft:cobblestone_stairs":2,"minecraft:cooked_mutton":11,"minecraft:iron_boots":1,"minecraft:iron_axe":3,"minecraft:spruce_slab":12,"minecraft:stone_pickaxe":3,"minecraft:chest":6,"minecraft:stone_hoe":1,"minecraft:cooked_beef":9,"minecraft:diamond_sword":1,"minecraft:cooked_porkchop":21,"minecraft:crafting_table":1,"minecraft:spruce_planks":452,"minecraft:wooden_pickaxe":1,"minecraft:iron_helmet":2,"minecraft:iron_sword":2,"minecraft:bucket":2,"minecraft:stone_axe":1,"minecraft:bread":2,"minecraft:air":0,"minecraft:iron_chestplate":1,"minecraft:stick":516,"minecraft:wooden_axe":1,"minecraft:gold_ingot":18,"minecraft:iron_shovel":1,"minecraft:iron_leggings":1,"minecraft:composter":1,"minecraft:torch":8},"minecraft:mined":{"minecraft:tuff":8,"minecraft:white_bed":6,"minecraft:spruce_planks":34,"minecraft:deepslate_diamond_ore":100,"minecraft:cobblestone_stairs":7,"minecraft:spruce_trapdoor":30,"minecraft:grass_block":140,"minecraft:spruce_leaves":81,"minecraft:composter":3,"minecraft:moss_block":1,"minecraft:sandstone":10,"minecraft:rooted_dirt":6,"minecraft:large_fern":14,"minecraft:fire":1,"minecraft:iron_ore":20,"minecraft:cobbled_deepslate":1,"minecraft:pumpkin":8,"minecraft:deepslate_lapis_ore":5,"minecraft:dark_oak_stairs":6,"minecraft:potatoes":1,"minecraft:deepslate_iron_ore":32,"minecraft:flowering_azalea_leaves":1,"minecraft:oak_stairs":4,"minecraft:stone":55,"minecraft:deepslate_redstone_ore":33,"minecraft:flowering_azalea":1,"minecraft:clay":6,"minecraft:crafting_table":6,"minecraft:torch":2,"minecraft:short_grass":9,"minecraft:poppy":5,"minecraft:chest":2,"minecraft:tall_grass":3,"minecraft:glass":3,"minecraft:cobblestone":22,"minecraft:deepslate_gold_ore":11,"minecraft:grindstone":1,"minecraft:oak_planks":15,"minecraft:sugar_cane":1,"minecraft:wall_torch":3,"minecraft:spruce_stairs":1,"minecraft:seagrass":1,"minecraft:cobblestone_wall":6,"minecraft:sweet_berry_bush":14,"minecraft:spruce_log":223,"minecraft:pumpkin_stem":6,"minecraft:oak_log":15,"minecraft:coal_ore":62,"minecraft:sand":13,"minecraft:dirt":98,"minecraft:stonecutter":2,"minecraft:deepslate":255,"minecraft:fern":11},"minecraft:broken":{"minecraft:leather_leggings":1,"minecraft:stone_pickaxe":1,"minecraft:iron_axe":2,"minecraft:stone_axe":1,"minecraft:iron_sword":1,"minecraft:iron_pickaxe":1,"minecraft:wooden_axe":1},"minecraft:dropped":{"minecraft:stone_hoe":1,"minecraft:iron_ingot":33,"minecraft:iron_sword":1,"minecraft:porkchop":4,"minecraft:wheat_seeds":4,"minecraft:diamond":173,"minecraft:poisonous_potato":8,"minecraft:iron_helmet":2,"minecraft:leather":2,"minecraft:tropical_fish":7,"minecraft:coal":5,"minecraft:stick":521,"minecraft:dirt":10,"minecraft:torch":260,"minecraft:iron_leggings":1,"minecraft:axolotl_bucket":1,"minecraft:iron_axe":1,"minecraft:string":2,"minecraft:white_wool":22,"minecraft:spruce_sapling":2,"minecraft:bone":5,"minecraft:moss_carpet":8,"minecraft:sugar_cane":3,"minecraft:cobbled_deepslate":144,"minecraft:bowl":2,"minecraft:tuff":9,"minecraft:raw_iron":55,"minecraft:experience_bottle":2,"minecraft:rotten_flesh":21,"minecraft:iron_boots":2,"minecraft:white_bed":3,"minecraft:suspicious_stew":3,"minecraft:diamond_sword":2,"minecraft:poppy":23,"minecraft:gunpowder":5,"minecraft:spruce_planks":168,"minecraft:iron_chestplate":2,"minecraft:oak_sapling":1,"minecraft:chest":3,"minecraft:raw_gold":21,"minecraft:glass":4},"minecraft:custom":{"minecraft:mob_kills":114,"minecraft:interact_with_crafting_table":43,"minecraft:interact_with_campfire":36,"minecraft:bell_ring":4,"minecraft:leave_game":5,"minecraft:time_since_death":13021,"minecraft:climb_one_cm":0,"minecraft:sprint_one_cm":552182,"minecraft:walk_one_cm":517385,"minecraft:damage_blocked_by_shield":442,"minecraft:drop":428,"minecraft:talked_to_villager":8,"minecraft:play_time":244968,"minecraft:sneak_time":25321,"minecraft:deaths":17,"minecraft:walk_under_water_one_cm":11755,"minecraft:boat_one_cm":74202,"minecraft:jump":3915,"minecraft:interact_with_blast_furnace":3,"minecraft:walk_on_water_one_cm":34016,"minecraft:total_world_time":244968,"minecraft:interact_with_furnace":15,"minecraft:interact_with_stonecutter":1,"minecraft:interact_with_grindstone":1,"minecraft:sleep_in_bed":15,"minecraft:time_since_rest":12765,"minecraft:damage_taken":7067,"minecraft:damage_dealt":39493,"minecraft:swim_one_cm":29186,"minecraft:fly_one_cm":574839,"minecraft:player_kills":3,"minecraft:open_chest":84,"minecraft:crouch_one_cm":57318,"minecraft:interact_with_smoker":1,"minecraft:fall_one_cm":82730},"minecraft:used":{"minecraft:iron_shovel":241,"minecraft:poppy":11,"minecraft:chest":7,"minecraft:spruce_planks":126,"minecraft:shield":10,"minecraft:iron_sword":311,"minecraft:stone_hoe":53,"minecraft:torch":171,"minecraft:dirt":152,"minecraft:diamond_helmet":1,"minecraft:glass":92,"minecraft:wooden_axe":39,"minecraft:flowering_azalea":1,"minecraft:lava_bucket":56,"minecraft:villager_spawn_egg":2,"minecraft:iron_axe":412,"minecraft:diamond_chestplate":1,"minecraft:oak_sapling":1,"minecraft:furnace":1,"minecraft:potato":1,"minecraft:cobbled_deepslate":35,"minecraft:cooked_mutton":24,"minecraft:water_bucket":98,"minecraft:diamond_boots":1,"minecraft:cobblestone_stairs":18,"minecraft:stone_pickaxe":163,"minecraft:oak_planks":10,"minecraft:wooden_pickaxe":5,"minecraft:composter":4,"minecraft:stonecutter":2,"minecraft:sand":9,"minecraft:blast_furnace":1,"minecraft:crafting_table":7,"minecraft:white_bed":19,"minecraft:spruce_log":160,"minecraft:oak_log":7,"minecraft:diamond_pickaxe":216,"minecraft:bread":8,"minecraft:iron_pickaxe":250,"minecraft:spruce_trapdoor":40,"minecraft:stone_axe":86,"minecraft:diamond_sword":66,"minecraft:cobblestone":79,"minecraft:porkchop":1,"minecraft:grindstone":2,"minecraft:cooked_porkchop":21,"minecraft:dark_oak_fence":1,"minecraft:bucket":158,"minecraft:oak_boat":3,"minecraft:diamond_leggings":1,"minecraft:experience_bottle":1},"minecraft:picked_up":{"minecraft:wooden_axe":1,"minecraft:iron_chestplate":1,"minecraft:crafting_table":7,"minecraft:clay_ball":51,"minecraft:suspicious_stew":3,"minecraft:leather_leggings":1,"minecraft:diamond_sword":2,"minecraft:wooden_pickaxe":1,"minecraft:oak_stairs":4,"minecraft:shield":1,"minecraft:string":2,"minecraft:moss_carpet":8,"minecraft:iron_axe":2,"minecraft:cooked_salmon":4,"minecraft:experience_bottle":2,"minecraft:cobbled_deepslate":437,"minecraft:bucket":1,"minecraft:spruce_planks":118,"minecraft:beef":24,"minecraft:oak_boat":4,"minecraft:light_gray_wool":2,"minecraft:azalea":1,"minecraft:poppy":35,"minecraft:iron_pickaxe":1,"minecraft:sugar_cane":5,"minecraft:chest":4,"minecraft:spruce_trapdoor":30,"minecraft:iron_boots":1,"minecraft:stick":84,"minecraft:raw_iron":55,"minecraft:sandstone":11,"minecraft:composter":3,"minecraft:big_dripleaf":6,"minecraft:torch":14,"minecraft:bowl":2,"minecraft:porkchop":27,"minecraft:redstone":205,"minecraft:arrow":4,"minecraft:rotten_flesh":21,"minecraft:tropical_fish":7,"minecraft:hay_block":1,"minecraft:mutton":48,"minecraft:white_wool":23,"minecraft:cobblestone":95,"minecraft:cooked_beef":7,"minecraft:salmon":1,"minecraft:leather":14,"minecraft:potato":1,"minecraft:tuff":23,"minecraft:oak_log":17,"minecraft:cobblestone_wall":10,"minecraft:gunpowder":8,"minecraft:cobblestone_stairs":7,"minecraft:lapis_lazuli":35,"minecraft:dirt":240,"minecraft:cooked_mutton":24,"minecraft:bone":7,"minecraft:stonecutter":2,"minecraft:wheat_seeds":7,"minecraft:raw_gold":21,"minecraft:iron_ingot":115,"minecraft:grindstone":1,"minecraft:stone_pickaxe":1,"minecraft:flowering_azalea":1,"minecraft:moss_block":25,"minecraft:iron_sword":1,"minecraft:oak_planks":141,"minecraft:cooked_porkchop":3,"minecraft:pumpkin":7,"minecraft:sweet_berries":42,"minecraft:poisonous_potato":8,"minecraft:sand":15,"minecraft:spruce_sapling":36,"minecraft:white_bed":6,"minecraft:spruce_log":223,"minecraft:diamond":157,"minecraft:iron_helmet":2,"minecraft:gray_wool":1,"minecraft:bread":6,"minecraft:rooted_dirt":6,"minecraft:oak_sapling":4,"minecraft:dark_oak_fence":1,"minecraft:coal":76,"minecraft:diamond_pickaxe":1}},"DataVersion":3700}