{"stats":{"minecraft:killed":{"minecraft:zombified_piglin":7,"minecraft:spider":1,"minecraft:skeleton":5,"minecraft:silverfish":1,"minecraft:piglin_brute":5,"minecraft:piglin":26,"minecraft:pig":15,"minecraft:salmon":1,"minecraft:iron_golem":68,"minecraft:creeper":2,"minecraft:sheep":22,"minecraft:trader_llama":4,"minecraft:pillager":4,"minecraft:zombie":17,"minecraft:ghast":1,"minecraft:blaze":10,"minecraft:cow":12,"minecraft:wandering_trader":2,"minecraft:hoglin":1,"minecraft:wither_skeleton":7,"minecraft:enderman":4},"minecraft:killed_by":{"minecraft:piglin_brute":3,"minecraft:zombified_piglin":1,"minecraft:wither_skeleton":1,"minecraft:creeper":1,"minecraft:zombie":2,"minecraft:player":15,"minecraft:spider":1,"minecraft:iron_golem":8,"minecraft:ender_dragon":2,"minecraft:skeleton":1},"minecraft:crafted":{"minecraft:smooth_stone":3,"minecraft:oak_planks":24,"minecraft:cobblestone_slab":2,"minecraft:blaze_powder":12,"minecraft:cobblestone_stairs":2,"minecraft:bookshelf":17,"minecraft:cooked_mutton":11,"minecraft:bow":1,"minecraft:diamond_helmet":1,"minecraft:diamond_leggings":1,"minecraft:iron_boots":1,"minecraft:chest":8,"minecraft:oak_button":1,"minecraft:stone_hoe":1,"minecraft:golden_boots":1,"minecraft:emerald":80,"minecraft:arrow":128,"minecraft:cooked_porkchop":21,"minecraft:diamond_axe":1,"minecraft:crafting_table":1,"minecraft:spruce_planks":556,"minecraft:wooden_pickaxe":1,"minecraft:iron_helmet":2,"minecraft:iron_chestplate":1,"minecraft:stick":516,"minecraft:iron_block":4,"minecraft:gold_ingot":57,"minecraft:composter":1,"minecraft:netherite_sword":1,"minecraft:furnace":2,"minecraft:blast_furnace":1,"minecraft:flint_and_steel":1,"minecraft:lantern":4,"minecraft:iron_axe":3,"minecraft:spruce_slab":12,"minecraft:stone_pickaxe":3,"minecraft:cooked_beef":9,"minecraft:diamond_sword":1,"minecraft:enchanting_table":1,"minecraft:iron_sword":4,"minecraft:bucket":3,"minecraft:stone_axe":1,"minecraft:enchanted_book":1,"minecraft:air":0,"minecraft:bread":2,"minecraft:wooden_axe":1,"minecraft:iron_shovel":1,"minecraft:iron_leggings":1,"minecraft:anvil":2,"minecraft:torch":8},"minecraft:mined":{"minecraft:white_bed":7,"minecraft:spruce_planks":111,"minecraft:cobblestone_stairs":11,"minecraft:spruce_trapdoor":54,"minecraft:granite":6,"minecraft:chiseled_polished_blackstone":1,"minecraft:grass_block":348,"minecraft:cracked_polished_blackstone_bricks":17,"minecraft:composter":3,"minecraft:nether_wart":25,"minecraft:polished_blackstone_bricks":21,"minecraft:magma_block":8,"minecraft:iron_ore":20,"minecraft:cobbled_deepslate":3,"minecraft:fire":7,"minecraft:pumpkin":8,"minecraft:fletching_table":1,"minecraft:deepslate_lapis_ore":5,"minecraft:nether_brick_stairs":1,"minecraft:dark_oak_stairs":6,"minecraft:flowering_azalea_leaves":1,"minecraft:dirt_path":96,"minecraft:oak_stairs":4,"minecraft:spruce_slab":1,"minecraft:deepslate_redstone_ore":33,"minecraft:blackstone":73,"minecraft:crimson_nylium":6,"minecraft:soul_fire":1,"minecraft:clay":6,"minecraft:torch":4,"minecraft:blast_furnace":1,"minecraft:poppy":6,"minecraft:chest":16,"minecraft:nether_quartz_ore":2,"minecraft:glass":3,"minecraft:cobblestone":295,"minecraft:oak_planks":85,"minecraft:grindstone":2,"minecraft:sugar_cane":1,"minecraft:wall_torch":9,"minecraft:amethyst_block":1,"minecraft:seagrass":1,"minecraft:pumpkin_stem":6,"minecraft:oak_log":15,"minecraft:sand":17,"minecraft:dirt":166,"minecraft:stonecutter":4,"minecraft:netherrack":389,"minecraft:ancient_debris":1,"minecraft:deepslate":263,"minecraft:nether_gold_ore":75,"minecraft:tuff":8,"minecraft:mossy_cobblestone":18,"minecraft:deepslate_diamond_ore":100,"minecraft:end_stone":28,"minecraft:nether_bricks":14,"minecraft:spruce_fence":15,"minecraft:spruce_leaves":81,"minecraft:moss_block":1,"minecraft:sandstone":10,"minecraft:rooted_dirt":6,"minecraft:large_fern":19,"minecraft:stripped_spruce_log":1,"minecraft:gold_block":18,"minecraft:bookshelf":17,"minecraft:potatoes":2,"minecraft:deepslate_iron_ore":32,"minecraft:stone":149,"minecraft:smithing_table":1,"minecraft:flowering_azalea":1,"minecraft:glass_pane":5,"minecraft:soul_sand":10,"minecraft:spruce_door":1,"minecraft:crafting_table":9,"minecraft:short_grass":9,"minecraft:lectern":40,"minecraft:tall_grass":3,"minecraft:deepslate_gold_ore":11,"minecraft:diorite":6,"minecraft:spruce_stairs":12,"minecraft:cobblestone_wall":9,"minecraft:sweet_berry_bush":14,"minecraft:spruce_log":453,"minecraft:coal_ore":62,"minecraft:gravel":6,"minecraft:stone_bricks":1,"minecraft:fern":13},"minecraft:broken":{"minecraft:iron_shovel":1,"minecraft:leather_leggings":1,"minecraft:stone_pickaxe":1,"minecraft:stone_axe":1,"minecraft:iron_sword":1,"minecraft:wooden_axe":1,"minecraft:iron_axe":3,"minecraft:iron_pickaxe":1},"minecraft:dropped":{"minecraft:iron_sword":1,"minecraft:moss_block":19,"minecraft:porkchop":4,"minecraft:cooked_beef":3,"minecraft:diamond":174,"minecraft:cooked_porkchop":3,"minecraft:crossbow":1,"minecraft:netherite_upgrade_smithing_template":4,"minecraft:leather":2,"minecraft:iron_horse_armor":1,"minecraft:sentry_armor_trim_smithing_template":1,"minecraft:spruce_leaves":2,"minecraft:cracked_polished_blackstone_bricks":5,"minecraft:dirt":11,"minecraft:crimson_roots":1,"minecraft:chain":14,"minecraft:gold_nugget":11,"minecraft:gilded_blackstone":2,"minecraft:axolotl_bucket":1,"minecraft:white_wool":22,"minecraft:gold_ingot":1,"minecraft:bone":16,"minecraft:sugar_cane":3,"minecraft:ancient_debris":1,"minecraft:iron_nugget":32,"minecraft:golden_chestplate":3,"minecraft:cobbled_deepslate":144,"minecraft:rotten_flesh":25,"minecraft:oak_planks":7,"minecraft:end_stone":4,"minecraft:white_bed":3,"minecraft:poppy":49,"minecraft:gunpowder":5,"minecraft:hopper":2,"minecraft:chest":5,"minecraft:arrow":162,"minecraft:glass":4,"minecraft:crying_obsidian":11,"minecraft:quartz":2,"minecraft:netherrack":57,"minecraft:water_bucket":2,"minecraft:stone_hoe":1,"minecraft:enchanted_book":2,"minecraft:golden_boots":3,"minecraft:iron_ingot":59,"minecraft:wheat_seeds":5,"minecraft:golden_helmet":4,"minecraft:tnt":1,"minecraft:diamond_leggings":1,"minecraft:poisonous_potato":8,"minecraft:iron_helmet":2,"minecraft:golden_axe":1,"minecraft:cobblestone":1,"minecraft:lead":1,"minecraft:spectral_arrow":8,"minecraft:music_disc_pigstep":2,"minecraft:tropical_fish":7,"minecraft:coal":6,"minecraft:stick":1245,"minecraft:torch":261,"minecraft:repeater":2,"minecraft:diamond_helmet":1,"minecraft:iron_leggings":1,"minecraft:iron_axe":2,"minecraft:string":6,"minecraft:spruce_sapling":2,"minecraft:redstone":1,"minecraft:moss_carpet":8,"minecraft:netherite_ingot":8,"minecraft:nether_wart":18,"minecraft:stone_sword":2,"minecraft:bowl":2,"minecraft:tuff":9,"minecraft:experience_bottle":3,"minecraft:raw_iron":55,"minecraft:iron_boots":2,"minecraft:name_tag":2,"minecraft:ender_eye":13,"minecraft:suspicious_stew":3,"minecraft:diamond_sword":2,"minecraft:potato":897,"minecraft:cobblestone_slab":1,"minecraft:shield":1,"minecraft:piglin_banner_pattern":2,"minecraft:spruce_trapdoor":1,"minecraft:spruce_planks":168,"minecraft:iron_chestplate":2,"minecraft:oak_sapling":1,"minecraft:golden_sword":7,"minecraft:bow":1,"minecraft:raw_gold":21},"minecraft:custom":{"minecraft:interact_with_crafting_table":65,"minecraft:bell_ring":4,"minecraft:leave_game":18,"minecraft:time_since_death":793,"minecraft:sprint_one_cm":1243496,"minecraft:damage_blocked_by_shield":1779,"minecraft:drop":620,"minecraft:talked_to_villager":155,"minecraft:play_time":742335,"minecraft:deaths":59,"minecraft:jump":9952,"minecraft:walk_on_water_one_cm":57758,"minecraft:interact_with_furnace":22,"minecraft:traded_with_villager":111,"minecraft:sleep_in_bed":50,"minecraft:damage_dealt":89059,"minecraft:player_kills":30,"minecraft:crouch_one_cm":148424,"minecraft:interact_with_smoker":3,"minecraft:interact_with_smithing_table":12,"minecraft:interact_with_anvil":10,"minecraft:mob_kills":221,"minecraft:inspect_hopper":14,"minecraft:interact_with_campfire":36,"minecraft:climb_one_cm":10883,"minecraft:walk_one_cm":1674451,"minecraft:sneak_time":57525,"minecraft:walk_under_water_one_cm":39913,"minecraft:boat_one_cm":119504,"minecraft:interact_with_blast_furnace":4,"minecraft:total_world_time":742335,"minecraft:tune_noteblock":3,"minecraft:interact_with_stonecutter":4,"minecraft:interact_with_grindstone":4,"minecraft:time_since_rest":831,"minecraft:damage_taken":173666,"minecraft:swim_one_cm":45207,"minecraft:fly_one_cm":2144867,"minecraft:open_chest":559,"minecraft:fall_one_cm":1731138},"minecraft:used":{"minecraft:iron_shovel":252,"minecraft:spruce_slab":3,"minecraft:ladder":4,"minecraft:poppy":16,"minecraft:shield":37,"minecraft:chest":28,"minecraft:iron_sword":554,"minecraft:bell":1,"minecraft:spruce_leaves":60,"minecraft:obsidian":1,"minecraft:glass":92,"minecraft:lava_bucket":127,"minecraft:lantern":4,"minecraft:villager_spawn_egg":7,"minecraft:grass_block":11,"minecraft:stone_bricks":10,"minecraft:netherite_boots":1,"minecraft:repeater":6,"minecraft:bow":181,"minecraft:oak_sapling":1,"minecraft:furnace":1,"minecraft:potato":1,"minecraft:diamond_boots":2,"minecraft:spruce_door":3,"minecraft:dropper":1,"minecraft:oak_planks":53,"minecraft:stone_pickaxe":163,"minecraft:ender_pearl":2,"minecraft:wooden_pickaxe":5,"minecraft:composter":4,"minecraft:diamond_axe":70,"minecraft:sand":10,"minecraft:netherite_leggings":1,"minecraft:blast_furnace":1,"minecraft:crossbow":165,"minecraft:netherite_helmet":1,"minecraft:note_block":3,"minecraft:end_stone":1,"minecraft:lever":2,"minecraft:bread":8,"minecraft:stone_button":1,"minecraft:lectern":51,"minecraft:gravel":5,"minecraft:diamond_sword":294,"minecraft:dark_oak_fence":1,"minecraft:grindstone":2,"minecraft:smithing_table":1,"minecraft:oak_boat":3,"minecraft:bone_meal":1,"minecraft:experience_bottle":1,"minecraft:netherite_sword":170,"minecraft:enchanting_table":1,"minecraft:flint_and_steel":2,"minecraft:redstone":10,"minecraft:spruce_planks":274,"minecraft:stone_hoe":53,"minecraft:netherrack":454,"minecraft:torch":232,"minecraft:dirt":296,"minecraft:anvil":2,"minecraft:hopper":10,"minecraft:spruce_stairs":32,"minecraft:cobblestone_wall":2,"minecraft:diamond_helmet":1,"minecraft:spruce_fence":11,"minecraft:wooden_axe":39,"minecraft:flowering_azalea":1,"minecraft:bookshelf":32,"minecraft:iron_axe":866,"minecraft:diamond_chestplate":1,"minecraft:netherite_pickaxe":462,"minecraft:cooked_beef":69,"minecraft:cobbled_deepslate":35,"minecraft:observer":10,"minecraft:cooked_mutton":36,"minecraft:water_bucket":223,"minecraft:cobblestone_stairs":22,"minecraft:netherite_chestplate":1,"minecraft:fletching_table":1,"minecraft:stonecutter":4,"minecraft:cobblestone_slab":14,"minecraft:spruce_fence_gate":1,"minecraft:polished_blackstone_bricks":1,"minecraft:comparator":1,"minecraft:tnt":4,"minecraft:crafting_table":10,"minecraft:white_bed":19,"minecraft:spruce_log":419,"minecraft:oak_log":7,"minecraft:piston":3,"minecraft:ender_eye":3,"minecraft:diamond_pickaxe":845,"minecraft:diamond_shovel":384,"minecraft:oak_button":2,"minecraft:iron_pickaxe":250,"minecraft:spruce_trapdoor":78,"minecraft:stone_axe":86,"minecraft:cobblestone":487,"minecraft:porkchop":1,"minecraft:cooked_porkchop":24,"minecraft:bucket":269,"minecraft:diamond_leggings":1},"minecraft:picked_up":{"minecraft:wooden_axe":1,"minecraft:iron_chestplate":1,"minecraft:suspicious_stew":3,"minecraft:smithing_table":1,"minecraft:sentry_armor_trim_smithing_template":1,"minecraft:lead":4,"minecraft:diamond_sword":2,"minecraft:oak_stairs":4,"minecraft:enchanted_book":3,"minecraft:gilded_blackstone":6,"minecraft:golden_sword":7,"minecraft:amethyst_block":1,"minecraft:string":6,"minecraft:cooked_salmon":4,"minecraft:experience_bottle":2,"minecraft:gold_nugget":374,"minecraft:cobbled_deepslate":448,"minecraft:bucket":1,"minecraft:spruce_planks":194,"minecraft:ender_eye":13,"minecraft:azalea":1,"minecraft:iron_pickaxe":1,"minecraft:iron_boots":1,"minecraft:golden_helmet":4,"minecraft:stick":634,"minecraft:composter":3,"minecraft:big_dripleaf":6,"minecraft:torch":36,"minecraft:spruce_stairs":11,"minecraft:porkchop":27,"minecraft:golden_axe":1,"minecraft:diorite":2,"minecraft:music_disc_pigstep":2,"minecraft:golden_chestplate":2,"minecraft:stone_sword":2,"minecraft:rotten_flesh":25,"minecraft:tropical_fish":7,"minecraft:iron_block":2,"minecraft:bookshelf":15,"minecraft:blaze_rod":6,"minecraft:obsidian":57,"minecraft:cobblestone":856,"minecraft:magma_block":4,"minecraft:cooked_beef":7,"minecraft:magma_cream":37,"minecraft:repeater":1,"minecraft:water_bucket":1,"minecraft:potato":193,"minecraft:flint":1,"minecraft:tuff":23,"minecraft:lapis_lazuli":35,"minecraft:dirt":612,"minecraft:name_tag":1,"minecraft:bone":29,"minecraft:stonecutter":4,"minecraft:bow":1,"minecraft:wheat_seeds":8,"minecraft:raw_gold":21,"minecraft:bell":1,"minecraft:grindstone":1,"minecraft:fletching_table":1,"minecraft:moss_block":44,"minecraft:oak_planks":212,"minecraft:cooked_porkchop":6,"minecraft:poisonous_potato":8,"minecraft:sand":19,"minecraft:stripped_spruce_log":1,"minecraft:spectral_arrow":23,"minecraft:mossy_cobblestone":18,"minecraft:diamond":157,"minecraft:cracked_polished_blackstone_bricks":5,"minecraft:crossbow":2,"minecraft:bone_meal":1,"minecraft:bread":6,"minecraft:rooted_dirt":6,"minecraft:piglin_banner_pattern":2,"minecraft:oak_sapling":4,"minecraft:netherrack":445,"minecraft:dark_oak_fence":1,"minecraft:crimson_roots":1,"minecraft:diamond_pickaxe":3,"minecraft:spruce_leaves":1,"minecraft:crafting_table":12,"minecraft:nether_wart":39,"minecraft:clay_ball":51,"minecraft:leather_leggings":1,"minecraft:wooden_pickaxe":1,"minecraft:gold_block":25,"minecraft:chain":27,"minecraft:shield":2,"minecraft:moss_carpet":8,"minecraft:iron_axe":3,"minecraft:beef":24,"minecraft:oak_boat":4,"minecraft:light_gray_wool":2,"minecraft:iron_nugget":32,"minecraft:poppy":76,"minecraft:spruce_slab":1,"minecraft:lectern":40,"minecraft:chest":18,"minecraft:sugar_cane":5,"minecraft:spruce_trapdoor":54,"minecraft:raw_iron":55,"minecraft:sandstone":11,"minecraft:end_stone":28,"minecraft:bowl":2,"minecraft:spruce_fence":15,"minecraft:polished_blackstone_bricks":67,"minecraft:stone_button":2,"minecraft:redstone":205,"minecraft:arrow":118,"minecraft:hay_block":1,"minecraft:gold_ingot":5,"minecraft:mutton":48,"minecraft:bone_block":4,"minecraft:white_wool":23,"minecraft:salmon":1,"minecraft:leather":27,"minecraft:oak_log":17,"minecraft:ancient_debris":1,"minecraft:cobblestone_wall":13,"minecraft:golden_boots":2,"minecraft:gunpowder":8,"minecraft:cobblestone_stairs":10,"minecraft:cooked_mutton":24,"minecraft:stone_bricks":1,"minecraft:kelp":1,"minecraft:iron_ingot":354,"minecraft:stone_pickaxe":1,"minecraft:iron_sword":1,"minecraft:flowering_azalea":1,"minecraft:soul_sand":10,"minecraft:book":6,"minecraft:pumpkin":7,"minecraft:sweet_berries":43,"minecraft:quartz":2,"minecraft:gravel":5,"minecraft:spruce_sapling":36,"minecraft:white_bed":7,"minecraft:spruce_log":453,"minecraft:crying_obsidian":11,"minecraft:spruce_door":2,"minecraft:diamond_shovel":1,"minecraft:iron_helmet":2,"minecraft:gray_wool":1,"minecraft:coal":77,"minecraft:ender_pearl":3}},"DataVersion":3700}