{"stats":{"minecraft:broken":{"minecraft:shears":1,"minecraft:iron_sword":1,"minecraft:fishing_rod":2,"minecraft:iron_axe":3,"minecraft:iron_pickaxe":1,"minecraft:iron_shovel":1,"minecraft:leather_leggings":1,"minecraft:stone_pickaxe":1,"minecraft:stone_axe":1,"minecraft:wooden_axe":1,"minecraft:flint_and_steel":3},"minecraft:killed_by":{"minecraft:piglin_brute":3,"minecraft:zombie":2,"minecraft:ender_dragon":2,"minecraft:shulker":1,"minecraft:zombified_piglin":1,"minecraft:wither_skeleton":1,"minecraft:creeper":1,"minecraft:player":19,"minecraft:spider":1,"minecraft:enderman":2,"minecraft:iron_golem":12,"minecraft:skeleton":1},"minecraft:picked_up":{"minecraft:iron_chestplate":2,"minecraft:suspicious_stew":3,"minecraft:smithing_table":1,"minecraft:lead":6,"minecraft:diamond_sword":6,"minecraft:oak_stairs":4,"minecraft:enchanted_book":3,"minecraft:brewing_stand":1,"minecraft:golden_sword":7,"minecraft:amethyst_block":1,"minecraft:string":3155,"minecraft:cooked_salmon":4,"minecraft:shroomlight":1,"minecraft:diamond_leggings":1,"minecraft:gold_nugget":374,"minecraft:cobbled_deepslate":448,"minecraft:spruce_planks":395,"minecraft:netherite_upgrade_smithing_template":3,"minecraft:melon_slice":21,"minecraft:golden_helmet":4,"minecraft:composter":4,"minecraft:big_dripleaf":6,"minecraft:golden_axe":1,"minecraft:golden_chestplate":2,"minecraft:stone_sword":2,"minecraft:tropical_fish":13,"minecraft:iron_block":2,"minecraft:glowstone":68,"minecraft:bookshelf":15,"minecraft:end_rod":1,"minecraft:blaze_rod":6,"minecraft:sponge":62,"minecraft:magma_block":62,"minecraft:feather":5,"minecraft:cooked_beef":16,"minecraft:water_bucket":3,"minecraft:jungle_log":96,"minecraft:flint":3,"minecraft:netherite_leggings":1,"minecraft:lantern":31,"minecraft:stonecutter":4,"minecraft:diamond_helmet":3,"minecraft:glowstone_dust":5,"minecraft:moss_block":44,"minecraft:stripped_spruce_log":4,"minecraft:ink_sac":3,"minecraft:dark_oak_log":5,"minecraft:barrel":2,"minecraft:bread":6,"minecraft:rooted_dirt":6,"minecraft:dark_oak_fence":37,"minecraft:crimson_roots":6,"minecraft:diamond_pickaxe":6,"minecraft:spruce_leaves":389,"minecraft:crafting_table":18,"minecraft:nether_wart":50,"minecraft:clay_ball":51,"minecraft:leather_leggings":1,"minecraft:dragon_head":2,"minecraft:purpur_block":2,"minecraft:elytra":2,"minecraft:flint_and_steel":1,"minecraft:netherite_scrap":58,"minecraft:white_carpet":2,"minecraft:iron_shovel":6,"minecraft:netherite_sword":7,"minecraft:beef":24,"minecraft:jungle_sapling":9,"minecraft:iron_nugget":32,"minecraft:poppy":138,"minecraft:spruce_slab":2,"minecraft:chest":44,"minecraft:diamond_hoe":1,"minecraft:egg":11,"minecraft:copper_ore":3,"minecraft:sandstone":14,"minecraft:stone":474,"minecraft:spruce_fence":60,"minecraft:carrot":21,"minecraft:redstone":207,"minecraft:netherite_pickaxe":1,"minecraft:diamond_chestplate":1,"minecraft:beetroot_seeds":10,"minecraft:shears":1,"minecraft:diamond_boots":3,"minecraft:hay_block":1,"minecraft:gold_ingot":40,"minecraft:totem_of_undying":1,"minecraft:mutton":48,"minecraft:white_wool":103,"minecraft:bone_block":4,"minecraft:rail":1,"minecraft:clock":1,"minecraft:fern":4,"minecraft:purpur_stairs":2,"minecraft:oak_log":18,"minecraft:ancient_debris":58,"minecraft:golden_boots":2,"minecraft:white_banner":4,"minecraft:stone_bricks":30,"minecraft:kelp":182,"minecraft:stone_pickaxe":1,"minecraft:iron_sword":3,"minecraft:flowering_azalea":1,"minecraft:dark_oak_slab":1,"minecraft:sweet_berries":55,"minecraft:gravel":75,"minecraft:spruce_sapling":320,"minecraft:spruce_log":2028,"minecraft:crying_obsidian":11,"minecraft:dragon_egg":1,"minecraft:diamond_shovel":5,"minecraft:firework_rocket":13,"minecraft:coal_ore":6,"minecraft:gray_wool":1,"minecraft:crimson_nylium":15,"minecraft:hopper":4,"minecraft:ender_pearl":710,"minecraft:shulker_shell":14,"minecraft:ender_chest":113,"minecraft:sentry_armor_trim_smithing_template":1,"minecraft:gilded_blackstone":6,"minecraft:raw_copper":32,"minecraft:smooth_stone_slab":11,"minecraft:iron_leggings":5,"minecraft:netherite_ingot":2,"minecraft:experience_bottle":2,"minecraft:bucket":2,"minecraft:cobblestone_slab":137,"minecraft:ender_eye":13,"minecraft:azalea":6,"minecraft:iron_pickaxe":6,"minecraft:iron_boots":3,"minecraft:furnace":1,"minecraft:stick":828,"minecraft:torch":447,"minecraft:spruce_stairs":27,"minecraft:porkchop":29,"minecraft:dried_kelp":4,"minecraft:diorite":2,"minecraft:music_disc_pigstep":2,"minecraft:nether_gold_ore":16,"minecraft:rotten_flesh":35,"minecraft:chorus_flower":4,"minecraft:obsidian":97,"minecraft:cobblestone":7168,"minecraft:lilac":7,"minecraft:magma_cream":37,"minecraft:repeater":1,"minecraft:andesite":6,"minecraft:golden_leggings":1,"minecraft:potato":220,"minecraft:tuff":23,"minecraft:prismarine_bricks":1,"minecraft:dirt":5942,"minecraft:lapis_lazuli":35,"minecraft:name_tag":1,"minecraft:glass":162,"minecraft:bone":40,"minecraft:bow":1,"minecraft:wheat_seeds":87,"minecraft:raw_gold":21,"minecraft:bell":1,"minecraft:grindstone":1,"minecraft:fletching_table":1,"minecraft:mossy_stone_bricks":3,"minecraft:bamboo":20537,"minecraft:prismarine":9,"minecraft:oak_planks":215,"minecraft:cooked_porkchop":6,"minecraft:poisonous_potato":8,"minecraft:sand":5881,"minecraft:mossy_cobblestone":18,"minecraft:shulker_box":73,"minecraft:spectral_arrow":23,"minecraft:dark_prismarine":1,"minecraft:jungle_leaves":4,"minecraft:sugar":2,"minecraft:diamond":187,"minecraft:spruce_boat":1,"minecraft:netherite_helmet":1,"minecraft:cracked_polished_blackstone_bricks":5,"minecraft:crossbow":3,"minecraft:bone_meal":3,"minecraft:golden_apple":1,"minecraft:emerald":7,"minecraft:oak_sapling":8,"minecraft:piglin_banner_pattern":2,"minecraft:netherrack":2248,"minecraft:oak_leaves":2,"minecraft:end_stone_bricks":7,"minecraft:cocoa_beans":14,"minecraft:chicken":3,"minecraft:ladder":2,"minecraft:brown_mushroom":10,"minecraft:wooden_pickaxe":1,"minecraft:gold_block":25,"minecraft:diamond_horse_armor":1,"minecraft:chain":27,"minecraft:shield":2,"minecraft:moss_carpet":8,"minecraft:iron_axe":3,"minecraft:item_frame":2,"minecraft:blackstone":62,"minecraft:oak_boat":4,"minecraft:light_gray_wool":5,"minecraft:lectern":77,"minecraft:sugar_cane":43,"minecraft:spruce_trapdoor":93,"minecraft:raw_iron":55,"minecraft:end_stone":113,"minecraft:bowl":2,"minecraft:polished_blackstone_bricks":69,"minecraft:stone_button":2,"minecraft:arrow":129,"minecraft:saddle":5,"minecraft:wet_sponge":120,"minecraft:basalt":15,"minecraft:crimson_stem":1,"minecraft:salmon":1,"minecraft:leather":32,"minecraft:gunpowder":11,"minecraft:nether_wart_block":17,"minecraft:cobblestone_wall":13,"minecraft:cobblestone_stairs":10,"minecraft:cooked_mutton":24,"minecraft:iron_ingot":632,"minecraft:cooked_chicken":2,"minecraft:soul_sand":23,"minecraft:book":6,"minecraft:nether_quartz_ore":2,"minecraft:bamboo_planks":4,"minecraft:pumpkin":7,"minecraft:quartz":14,"minecraft:lava_bucket":1,"minecraft:white_bed":12,"minecraft:spruce_door":3,"minecraft:spider_eye":7,"minecraft:campfire":13,"minecraft:iron_helmet":6,"minecraft:netherite_hoe":1,"minecraft:coal":85,"minecraft:wooden_axe":1},"minecraft:dropped":{"minecraft:crimson_stem":1,"minecraft:iron_sword":1,"minecraft:porkchop":6,"minecraft:cooked_beef":29,"minecraft:diamond":430,"minecraft:cooked_porkchop":3,"minecraft:crossbow":1,"minecraft:elytra":1,"minecraft:rail":1,"minecraft:sentry_armor_trim_smithing_template":1,"minecraft:emerald":22,"minecraft:dirt":13,"minecraft:dark_oak_fence":3,"minecraft:chain":14,"minecraft:gold_nugget":11,"minecraft:sand":583,"minecraft:iron_pickaxe":1,"minecraft:white_wool":22,"minecraft:bone":16,"minecraft:sugar_cane":19,"minecraft:ancient_debris":1,"minecraft:iron_nugget":32,"minecraft:golden_chestplate":3,"minecraft:cobbled_deepslate":144,"minecraft:netherite_sword":7,"minecraft:obsidian":8,"minecraft:rotten_flesh":25,"minecraft:oak_planks":10,"minecraft:end_stone":7,"minecraft:glowstone_dust":5,"minecraft:white_bed":6,"minecraft:hopper":2,"minecraft:ladder":8,"minecraft:glass":20,"minecraft:campfire":13,"minecraft:crying_obsidian":11,"minecraft:enchanted_book":2,"minecraft:golden_boots":3,"minecraft:iron_ingot":149,"minecraft:wheat_seeds":11,"minecraft:clock":1,"minecraft:tnt":1,"minecraft:netherite_helmet":1,"minecraft:iron_helmet":2,"minecraft:cobblestone":6067,"minecraft:music_disc_pigstep":2,"minecraft:spruce_door":1,"minecraft:coal":14,"minecraft:golden_apple":1,"minecraft:lava_bucket":1,"minecraft:diamond_helmet":1,"minecraft:dried_kelp":4,"minecraft:iron_shovel":2,"minecraft:string":3525,"minecraft:spruce_sapling":6,"minecraft:bamboo_planks":6,"minecraft:furnace":1,"minecraft:moss_carpet":8,"minecraft:netherite_hoe":2,"minecraft:netherite_ingot":10,"minecraft:stone_sword":2,"minecraft:bowl":2,"minecraft:experience_bottle":3,"minecraft:iron_boots":3,"minecraft:name_tag":2,"minecraft:spruce_fence":37,"minecraft:shears":2,"minecraft:suspicious_stew":3,"minecraft:diamond_sword":2,"minecraft:potato":1345,"minecraft:cobblestone_slab":110,"minecraft:shroomlight":1,"minecraft:spruce_boat":1,"minecraft:stone":3,"minecraft:piglin_banner_pattern":2,"minecraft:spruce_trapdoor":5,"minecraft:spruce_planks":179,"minecraft:diamond_pickaxe":2,"minecraft:stone_bricks":28,"minecraft:bamboo":2221,"minecraft:bow":1,"minecraft:crimson_nylium":15,"minecraft:moss_block":19,"minecraft:brown_mushroom":2,"minecraft:ender_pearl":4946,"minecraft:netherite_upgrade_smithing_template":6,"minecraft:lantern":14,"minecraft:leather":2,"minecraft:iron_horse_armor":1,"minecraft:spruce_leaves":90,"minecraft:cracked_polished_blackstone_bricks":5,"minecraft:netherite_scrap":29,"minecraft:mutton":5,"minecraft:crimson_roots":6,"minecraft:gilded_blackstone":2,"minecraft:axolotl_bucket":1,"minecraft:gold_ingot":17,"minecraft:gravel":9,"minecraft:diamond_shovel":3,"minecraft:cooked_mutton":6,"minecraft:carrot":340,"minecraft:shulker_shell":2,"minecraft:poppy":73,"minecraft:gunpowder":5,"minecraft:beetroot_seeds":3,"minecraft:glowstone":201,"minecraft:azalea":5,"minecraft:chest":9,"minecraft:iron_bars":15,"minecraft:arrow":199,"minecraft:quartz":2,"minecraft:netherrack":958,"minecraft:firework_rocket":160,"minecraft:stone_hoe":1,"minecraft:water_bucket":4,"minecraft:stripped_spruce_log":1,"minecraft:golden_helmet":4,"minecraft:diamond_leggings":1,"minecraft:poisonous_potato":8,"minecraft:golden_axe":1,"minecraft:lead":1,"minecraft:spectral_arrow":8,"minecraft:tropical_fish":13,"minecraft:spruce_stairs":3,"minecraft:stick":1252,"minecraft:nether_gold_ore":3,"minecraft:torch":534,"minecraft:repeater":2,"minecraft:nether_wart_block":17,"minecraft:iron_leggings":1,"minecraft:iron_axe":2,"minecraft:bucket":1,"minecraft:redstone":1,"minecraft:ender_chest":67,"minecraft:nether_wart":18,"minecraft:tuff":9,"minecraft:raw_iron":55,"minecraft:ender_eye":13,"minecraft:shulker_box":4,"minecraft:netherite_leggings":1,"minecraft:flint_and_steel":6,"minecraft:shield":1,"minecraft:iron_chestplate":3,"minecraft:mossy_stone_bricks":2,"minecraft:golden_leggings":1,"minecraft:oak_sapling":3,"minecraft:golden_sword":7,"minecraft:raw_gold":21,"minecraft:nether_quartz_ore":2},"minecraft:crafted":{"minecraft:ender_chest":1,"minecraft:smooth_stone":3,"minecraft:blaze_powder":12,"minecraft:lever":2,"minecraft:bookshelf":17,"minecraft:cooked_mutton":11,"minecraft:shulker_box":6,"minecraft:iron_bars":16,"minecraft:glass":212,"minecraft:repeater":23,"minecraft:diamond_helmet":1,"minecraft:diamond_leggings":1,"minecraft:dried_kelp_block":12,"minecraft:emerald":331,"minecraft:cooked_porkchop":21,"minecraft:diamond_axe":1,"minecraft:campfire":13,"minecraft:bamboo_planks":456,"minecraft:iron_block":4,"minecraft:gold_ingot":57,"minecraft:composter":1,"minecraft:white_carpet":120,"minecraft:lantern":10,"minecraft:spruce_slab":18,"minecraft:stone_pickaxe":3,"minecraft:coal_block":3,"minecraft:enchanting_table":1,"minecraft:dried_kelp":110,"minecraft:enchanted_book":2,"minecraft:wooden_axe":1,"minecraft:iron_shovel":1,"minecraft:iron_leggings":1,"minecraft:oak_planks":24,"minecraft:cobblestone_slab":2,"minecraft:barrel":1,"minecraft:stone":69,"minecraft:cobblestone_stairs":2,"minecraft:bamboo_block":228,"minecraft:hopper":57,"minecraft:bow":9,"minecraft:iron_boots":1,"minecraft:comparator":1,"minecraft:chest":69,"minecraft:oak_button":1,"minecraft:netherite_upgrade_smithing_template":6,"minecraft:stone_hoe":1,"minecraft:golden_boots":1,"minecraft:arrow":128,"minecraft:crafting_table":1,"minecraft:spruce_planks":716,"minecraft:wooden_pickaxe":1,"minecraft:baked_potato":11,"minecraft:iron_helmet":2,"minecraft:dispenser":1,"minecraft:iron_chestplate":1,"minecraft:stick":516,"minecraft:netherite_hoe":1,"minecraft:redstone_torch":49,"minecraft:shears":12,"minecraft:redstone":2,"minecraft:fishing_rod":4,"minecraft:tripwire_hook":2,"minecraft:netherite_sword":1,"minecraft:furnace":2,"minecraft:blast_furnace":1,"minecraft:flint_and_steel":8,"minecraft:netherite_leggings":1,"minecraft:iron_axe":3,"minecraft:minecart":1,"minecraft:observer":11,"minecraft:cooked_beef":9,"minecraft:diamond_sword":1,"minecraft:spruce_sign":3,"minecraft:iron_sword":4,"minecraft:bucket":4,"minecraft:stone_axe":1,"minecraft:air":0,"minecraft:bread":2,"minecraft:white_wool":1676,"minecraft:anvil":2,"minecraft:torch":8},"minecraft:mined":{"minecraft:dragon_wall_head":2,"minecraft:white_bed":14,"minecraft:jungle_leaves":143,"minecraft:granite":6,"minecraft:chiseled_polished_blackstone":1,"minecraft:jungle_log":96,"minecraft:hopper":6,"minecraft:nether_wart":25,"minecraft:chorus_flower":1,"minecraft:polished_blackstone_bricks":24,"minecraft:tall_seagrass":1,"minecraft:magma_block":42,"minecraft:cobbled_deepslate":3,"minecraft:fire":64,"minecraft:barrel":2,"minecraft:pumpkin":8,"minecraft:fletching_table":1,"minecraft:deepslate_lapis_ore":5,"minecraft:nether_brick_stairs":1,"minecraft:dirt_path":292,"minecraft:oak_stairs":4,"minecraft:tripwire":2,"minecraft:kelp_plant":9,"minecraft:crimson_nylium":21,"minecraft:soul_fire":1,"minecraft:torch":138,"minecraft:blast_furnace":1,"minecraft:melon":5,"minecraft:glass":87,"minecraft:sugar_cane":11,"minecraft:amethyst_block":1,"minecraft:bamboo_planks":4,"minecraft:wheat":70,"minecraft:lilac":6,"minecraft:pumpkin_stem":6,"minecraft:stonecutter":4,"minecraft:deepslate":263,"minecraft:dark_prismarine":1,"minecraft:mossy_cobblestone":18,"minecraft:dark_oak_log":6,"minecraft:shulker_box":70,"minecraft:end_stone":115,"minecraft:nether_bricks":14,"minecraft:dark_oak_fence":35,"minecraft:spruce_fence":31,"minecraft:jungle_planks":2,"minecraft:crimson_roots":2,"minecraft:moss_block":1,"minecraft:jungle_sapling":1,"minecraft:andesite":6,"minecraft:potatoes":4,"minecraft:cobblestone_slab":16,"minecraft:vine":3,"minecraft:rail":1,"minecraft:bamboo_sapling":41,"minecraft:bamboo":1717,"minecraft:ender_chest":52,"minecraft:smithing_table":1,"minecraft:glass_pane":5,"minecraft:soul_sand":18,"minecraft:short_grass":17,"minecraft:sponge":62,"minecraft:campfire":1,"minecraft:tall_grass":3,"minecraft:copper_ore":11,"minecraft:deepslate_gold_ore":11,"minecraft:diorite":6,"minecraft:cobblestone_wall":9,"minecraft:white_carpet":2,"minecraft:spruce_log":2024,"minecraft:gravel":62,"minecraft:stone_bricks":38,"minecraft:fern":23,"minecraft:spruce_planks":290,"minecraft:farmland":71,"minecraft:cobblestone_stairs":11,"minecraft:spruce_trapdoor":92,"minecraft:grass_block":3692,"minecraft:cracked_polished_blackstone_bricks":17,"minecraft:composter":4,"minecraft:glowstone":59,"minecraft:iron_ore":20,"minecraft:dark_oak_stairs":6,"minecraft:flowering_azalea_leaves":1,"minecraft:end_stone_bricks":3,"minecraft:spruce_slab":3,"minecraft:deepslate_redstone_ore":33,"minecraft:blackstone":125,"minecraft:purpur_stairs":2,"minecraft:clay":6,"minecraft:poppy":7,"minecraft:chest":41,"minecraft:nether_quartz_ore":24,"minecraft:cobblestone":500,"minecraft:grindstone":2,"minecraft:prismarine":9,"minecraft:oak_planks":85,"minecraft:wall_torch":195,"minecraft:seagrass":1,"minecraft:nether_wart_block":19,"minecraft:purpur_block":2,"minecraft:smooth_stone_slab":8,"minecraft:oak_log":16,"minecraft:sand":3321,"minecraft:dirt":2358,"minecraft:netherrack":5115,"minecraft:ancient_debris":57,"minecraft:oak_leaves":29,"minecraft:nether_gold_ore":92,"minecraft:tuff":8,"minecraft:deepslate_diamond_ore":100,"minecraft:ladder":1,"minecraft:weeping_vines":1,"minecraft:spruce_leaves":535,"minecraft:sandstone":13,"minecraft:rooted_dirt":6,"minecraft:crimson_stem":2,"minecraft:large_fern":36,"minecraft:furnace":4,"minecraft:stripped_spruce_log":2,"minecraft:gold_block":18,"minecraft:bookshelf":17,"minecraft:deepslate_iron_ore":32,"minecraft:shroomlight":1,"minecraft:lantern":26,"minecraft:wet_sponge":119,"minecraft:stone":688,"minecraft:flowering_azalea":1,"minecraft:basalt":15,"minecraft:spruce_door":1,"minecraft:crafting_table":15,"minecraft:lectern":77,"minecraft:prismarine_bricks":1,"minecraft:spruce_stairs":28,"minecraft:sweet_berry_bush":18,"minecraft:coal_ore":68,"minecraft:cocoa":6,"minecraft:end_rod":1,"minecraft:mossy_stone_bricks":2},"minecraft:used":{"minecraft:spruce_slab":3,"minecraft:elytra":117,"minecraft:poppy":16,"minecraft:ladder":62,"minecraft:chest":68,"minecraft:stone":41,"minecraft:jungle_sapling":5,"minecraft:lava_bucket":196,"minecraft:villager_spawn_egg":17,"minecraft:grass_block":56,"minecraft:wet_sponge":61,"minecraft:netherite_hoe":306,"minecraft:netherite_boots":2,"minecraft:bow":787,"minecraft:oak_sapling":2,"minecraft:furnace":1,"minecraft:egg":11,"minecraft:potato":80,"minecraft:end_stone_bricks":7,"minecraft:spruce_door":3,"minecraft:prismarine":1,"minecraft:wooden_pickaxe":5,"minecraft:composter":6,"minecraft:golden_apple":10,"minecraft:sand":1423,"minecraft:blast_furnace":1,"minecraft:netherite_helmet":2,"minecraft:stone_button":1,"minecraft:lectern":87,"minecraft:lilac":7,"minecraft:diamond_sword":294,"minecraft:smithing_table":1,"minecraft:dark_oak_fence":18,"minecraft:oak_boat":4,"minecraft:iron_bars":1,"minecraft:enchanting_table":1,"minecraft:netherrack":1231,"minecraft:torch":326,"minecraft:dragon_egg":1,"minecraft:brewing_stand":1,"minecraft:anvil":3,"minecraft:chorus_flower":4,"minecraft:flowering_azalea":1,"minecraft:iron_axe":866,"minecraft:barrel":3,"minecraft:bamboo":892,"minecraft:diamond_chestplate":1,"minecraft:tripwire_hook":2,"minecraft:glowstone":4,"minecraft:cobbled_deepslate":35,"minecraft:observer":10,"minecraft:water_bucket":300,"minecraft:fletching_table":1,"minecraft:spruce_fence_gate":1,"minecraft:polished_blackstone_bricks":1,"minecraft:rail":1,"minecraft:comparator":1,"minecraft:tnt":4,"minecraft:crafting_table":17,"minecraft:white_bed":31,"minecraft:campfire":1,"minecraft:spruce_log":925,"minecraft:oak_log":7,"minecraft:ender_eye":3,"minecraft:diamond_pickaxe":845,"minecraft:diamond_shovel":9761,"minecraft:oak_button":2,"minecraft:iron_pickaxe":250,"minecraft:spruce_trapdoor":136,"minecraft:cobblestone":2220,"minecraft:porkchop":1,"minecraft:cooked_porkchop":24,"minecraft:diamond_leggings":1,"minecraft:iron_shovel":252,"minecraft:oak_sign":4,"minecraft:shield":87,"minecraft:iron_sword":554,"minecraft:zombie_spawn_egg":1,"minecraft:bell":1,"minecraft:spruce_leaves":275,"minecraft:obsidian":23,"minecraft:glass":599,"minecraft:lantern":7,"minecraft:stone_bricks":10,"minecraft:repeater":6,"minecraft:diamond_boots":2,"minecraft:dropper":1,"minecraft:stone_pickaxe":163,"minecraft:oak_planks":53,"minecraft:ender_pearl":108,"minecraft:sandstone":3,"minecraft:sugar_cane":5,"minecraft:diamond_axe":2301,"minecraft:netherite_leggings":3,"minecraft:crossbow":169,"minecraft:sponge":60,"minecraft:note_block":3,"minecraft:end_stone":95,"minecraft:shears":223,"minecraft:lever":3,"minecraft:firework_rocket":534,"minecraft:bread":8,"minecraft:string":3,"minecraft:gravel":57,"minecraft:grindstone":2,"minecraft:smooth_stone_slab":11,"minecraft:bone_meal":3,"minecraft:experience_bottle":1,"minecraft:purpur_block":2,"minecraft:netherite_sword":2871,"minecraft:jungle_leaves":4,"minecraft:flint_and_steel":293,"minecraft:redstone":10,"minecraft:spruce_planks":517,"minecraft:ender_chest":49,"minecraft:stone_hoe":53,"minecraft:cooked_chicken":2,"minecraft:dirt":2711,"minecraft:white_carpet":124,"minecraft:hopper":124,"minecraft:spruce_stairs":42,"minecraft:cobblestone_wall":101,"minecraft:diamond_helmet":1,"minecraft:shulker_box":74,"minecraft:spruce_fence":31,"minecraft:wooden_axe":39,"minecraft:bookshelf":32,"minecraft:light_gray_wool":3,"minecraft:minecart":1,"minecraft:netherite_pickaxe":6652,"minecraft:cooked_beef":225,"minecraft:bamboo_planks":4,"minecraft:cooked_mutton":158,"minecraft:cobblestone_stairs":22,"minecraft:netherite_chestplate":113,"minecraft:baked_potato":11,"minecraft:spruce_sign":1,"minecraft:stonecutter":4,"minecraft:cobblestone_slab":61,"minecraft:piston":3,"minecraft:stone_axe":86,"minecraft:fishing_rod":42,"minecraft:white_banner":1,"minecraft:bucket":407},"minecraft:killed":{"minecraft:shulker":31,"minecraft:skeleton":11,"minecraft:chicken":1,"minecraft:salmon":1,"minecraft:iron_golem":129,"minecraft:ender_dragon":1,"minecraft:pillager":28,"minecraft:zombie":19,"minecraft:cow":12,"minecraft:evoker":1,"minecraft:vindicator":4,"minecraft:wandering_trader":3,"minecraft:ravager":1,"minecraft:enderman":2443,"minecraft:zombified_piglin":8,"minecraft:witch":2,"minecraft:spider":2,"minecraft:silverfish":1,"minecraft:piglin_brute":5,"minecraft:piglin":28,"minecraft:pig":15,"minecraft:creeper":4,"minecraft:sheep":22,"minecraft:trader_llama":6,"minecraft:ghast":1,"minecraft:blaze":10,"minecraft:vex":3,"minecraft:hoglin":2,"minecraft:wither_skeleton":7,"minecraft:villager":1},"minecraft:custom":{"minecraft:interact_with_crafting_table":178,"minecraft:open_barrel":1,"minecraft:bell_ring":4,"minecraft:leave_game":43,"minecraft:time_since_death":408608,"minecraft:damage_blocked_by_shield":3838,"minecraft:play_time":2497139,"minecraft:deaths":120,"minecraft:jump":27070,"minecraft:enchant_item":1,"minecraft:interact_with_furnace":94,"minecraft:traded_with_villager":399,"minecraft:sleep_in_bed":140,"minecraft:damage_dealt":158331,"minecraft:interact_with_smoker":29,"minecraft:interact_with_smithing_table":18,"minecraft:inspect_dropper":2,"minecraft:interact_with_anvil":23,"minecraft:inspect_hopper":79,"minecraft:sneak_time":139737,"minecraft:interact_with_blast_furnace":5,"minecraft:total_world_time":2497139,"minecraft:tune_noteblock":3,"minecraft:interact_with_stonecutter":11,"minecraft:time_since_rest":9162,"minecraft:swim_one_cm":159211,"minecraft:fly_one_cm":8441353,"minecraft:open_chest":1590,"minecraft:fall_one_cm":5982843,"minecraft:open_shulker_box":215,"minecraft:sprint_one_cm":4552591,"minecraft:drop":3456,"minecraft:talked_to_villager":378,"minecraft:walk_on_water_one_cm":202471,"minecraft:open_enderchest":76,"minecraft:player_kills":59,"minecraft:crouch_one_cm":425921,"minecraft:mob_kills":2810,"minecraft:interact_with_campfire":37,"minecraft:climb_one_cm":44273,"minecraft:walk_one_cm":5925050,"minecraft:raid_win":1,"minecraft:walk_under_water_one_cm":612556,"minecraft:boat_one_cm":120029,"minecraft:interact_with_grindstone":4,"minecraft:damage_taken":440253,"minecraft:damage_absorbed":251,"minecraft:aviate_one_cm":28027824}},"DataVersion":3700}