{"stats":{"minecraft:broken":{"minecraft:shears":1,"minecraft:iron_sword":1,"minecraft:fishing_rod":2,"minecraft:iron_axe":3,"minecraft:iron_pickaxe":1,"minecraft:iron_shovel":1,"minecraft:leather_leggings":1,"minecraft:stone_pickaxe":1,"minecraft:stone_axe":1,"minecraft:wooden_axe":1,"minecraft:flint_and_steel":3},"minecraft:killed":{"minecraft:shulker":31,"minecraft:skeleton":20,"minecraft:chicken":2,"minecraft:cat":1,"minecraft:salmon":1,"minecraft:iron_golem":129,"minecraft:ender_dragon":1,"minecraft:pillager":168,"minecraft:zombie":59,"minecraft:cow":13,"minecraft:evoker":12,"minecraft:vindicator":84,"minecraft:wandering_trader":3,"minecraft:ravager":16,"minecraft:enderman":2926,"minecraft:zombified_piglin":9,"minecraft:witch":27,"minecraft:spider":12,"minecraft:silverfish":1,"minecraft:piglin_brute":5,"minecraft:piglin":28,"minecraft:pig":15,"minecraft:zombie_villager":2,"minecraft:creeper":16,"minecraft:sheep":22,"minecraft:trader_llama":8,"minecraft:ghast":1,"minecraft:blaze":10,"minecraft:vex":38,"minecraft:bat":1,"minecraft:hoglin":2,"minecraft:wither_skeleton":7,"minecraft:villager":5},"minecraft:custom":{"minecraft:interact_with_crafting_table":198,"minecraft:open_barrel":1,"minecraft:bell_ring":27,"minecraft:leave_game":59,"minecraft:time_since_death":127606,"minecraft:damage_blocked_by_shield":5548,"minecraft:play_time":3498766,"minecraft:deaths":128,"minecraft:jump":37292,"minecraft:enchant_item":1,"minecraft:interact_with_furnace":117,"minecraft:traded_with_villager":460,"minecraft:sleep_in_bed":185,"minecraft:damage_dealt":234664,"minecraft:interact_with_smoker":29,"minecraft:inspect_dispenser":10,"minecraft:interact_with_smithing_table":18,"minecraft:inspect_dropper":2,"minecraft:interact_with_anvil":28,"minecraft:inspect_hopper":105,"minecraft:sneak_time":198567,"minecraft:interact_with_blast_furnace":5,"minecraft:total_world_time":3498766,"minecraft:tune_noteblock":3,"minecraft:interact_with_stonecutter":12,"minecraft:time_since_rest":9028,"minecraft:swim_one_cm":218137,"minecraft:fly_one_cm":10827278,"minecraft:open_chest":1999,"minecraft:fall_one_cm":6247655,"minecraft:open_shulker_box":290,"minecraft:sprint_one_cm":6173618,"minecraft:drop":3981,"minecraft:talked_to_villager":400,"minecraft:walk_on_water_one_cm":408326,"minecraft:open_enderchest":84,"minecraft:player_kills":74,"minecraft:crouch_one_cm":613331,"minecraft:mob_kills":3699,"minecraft:interact_with_campfire":37,"minecraft:climb_one_cm":82722,"minecraft:walk_one_cm":8032669,"minecraft:raid_win":10,"minecraft:walk_under_water_one_cm":715870,"minecraft:boat_one_cm":120377,"minecraft:raid_trigger":9,"minecraft:interact_with_grindstone":4,"minecraft:damage_taken":454155,"minecraft:damage_absorbed":668,"minecraft:trigger_trapped_chest":1,"minecraft:aviate_one_cm":36032241},"minecraft:used":{"minecraft:dispenser":12,"minecraft:spruce_slab":3,"minecraft:elytra":175,"minecraft:ladder":62,"minecraft:poppy":16,"minecraft:chest":86,"minecraft:stone":401,"minecraft:spruce_boat":7,"minecraft:jungle_sapling":5,"minecraft:lava_bucket":201,"minecraft:villager_spawn_egg":34,"minecraft:grass_block":57,"minecraft:wet_sponge":61,"minecraft:netherite_hoe":306,"minecraft:netherite_boots":2,"minecraft:bow":1508,"minecraft:oak_sapling":2,"minecraft:sweet_berries":3,"minecraft:furnace":2,"minecraft:egg":14,"minecraft:potato":80,"minecraft:end_stone_bricks":7,"minecraft:spruce_door":3,"minecraft:prismarine":1,"minecraft:wooden_pickaxe":5,"minecraft:composter":6,"minecraft:golden_apple":20,"minecraft:sand":1424,"minecraft:blast_furnace":1,"minecraft:netherite_helmet":2,"minecraft:stone_button":1,"minecraft:lectern":89,"minecraft:lilac":7,"minecraft:diamond_sword":294,"minecraft:dark_oak_fence":18,"minecraft:smithing_table":1,"minecraft:oak_boat":4,"minecraft:oak_trapdoor":1,"minecraft:iron_bars":1,"minecraft:enchanting_table":1,"minecraft:netherrack":1239,"minecraft:torch":460,"minecraft:dragon_egg":1,"minecraft:brewing_stand":1,"minecraft:anvil":3,"minecraft:chorus_flower":4,"minecraft:oak_fence_gate":19,"minecraft:flowering_azalea":1,"minecraft:iron_axe":867,"minecraft:totem_of_undying":1,"minecraft:barrel":3,"minecraft:melon_seeds":4,"minecraft:bamboo":895,"minecraft:diamond_chestplate":1,"minecraft:tripwire_hook":6,"minecraft:glowstone":4,"minecraft:cobbled_deepslate":35,"minecraft:observer":29,"minecraft:wheat_seeds":61,"minecraft:water_bucket":462,"minecraft:birch_planks":30,"minecraft:fletching_table":1,"minecraft:spruce_fence_gate":22,"minecraft:polished_blackstone_bricks":1,"minecraft:rail":1,"minecraft:comparator":2,"minecraft:tnt":4,"minecraft:crafting_table":18,"minecraft:white_bed":78,"minecraft:campfire":72,"minecraft:spruce_log":941,"minecraft:oak_log":7,"minecraft:ender_eye":3,"minecraft:diamond_pickaxe":845,"minecraft:diamond_shovel":14207,"minecraft:oak_button":8,"minecraft:iron_pickaxe":250,"minecraft:spruce_trapdoor":171,"minecraft:cobblestone":3545,"minecraft:porkchop":1,"minecraft:cooked_porkchop":24,"minecraft:glass_pane":2,"minecraft:diamond_leggings":1,"minecraft:iron_shovel":252,"minecraft:diamond_hoe":81,"minecraft:oak_sign":22,"minecraft:shield":124,"minecraft:iron_sword":554,"minecraft:zombie_spawn_egg":8,"minecraft:bell":1,"minecraft:spruce_leaves":275,"minecraft:obsidian":23,"minecraft:glass":775,"minecraft:coal_ore":60,"minecraft:lantern":7,"minecraft:stone_bricks":10,"minecraft:item_frame":10,"minecraft:repeater":32,"minecraft:red_carpet":37,"minecraft:scaffolding":93,"minecraft:dark_oak_stairs":1,"minecraft:diamond_boots":2,"minecraft:dropper":1,"minecraft:stone_pickaxe":163,"minecraft:oak_planks":53,"minecraft:ender_pearl":110,"minecraft:sandstone":3,"minecraft:redstone_block":3,"minecraft:sugar_cane":231,"minecraft:diamond_axe":2658,"minecraft:netherite_leggings":4,"minecraft:stone_brick_wall":8,"minecraft:crossbow":172,"minecraft:sponge":60,"minecraft:note_block":3,"minecraft:end_stone":95,"minecraft:shears":229,"minecraft:lever":5,"minecraft:firework_rocket":780,"minecraft:dark_oak_log":7,"minecraft:bread":8,"minecraft:string":15,"minecraft:gravel":57,"minecraft:grindstone":2,"minecraft:andesite":5,"minecraft:smooth_stone_slab":12,"minecraft:bone_meal":3,"minecraft:experience_bottle":1,"minecraft:purpur_block":2,"minecraft:netherite_sword":3816,"minecraft:jungle_leaves":4,"minecraft:flint_and_steel":293,"minecraft:redstone":25,"minecraft:spruce_planks":517,"minecraft:ender_chest":54,"minecraft:stone_hoe":53,"minecraft:cooked_chicken":2,"minecraft:dirt":4022,"minecraft:white_carpet":149,"minecraft:hopper":142,"minecraft:spruce_stairs":42,"minecraft:cobblestone_wall":305,"minecraft:diamond_helmet":1,"minecraft:shulker_box":104,"minecraft:spruce_fence":34,"minecraft:dark_oak_planks":39,"minecraft:wooden_axe":39,"minecraft:bookshelf":32,"minecraft:light_gray_wool":3,"minecraft:netherite_pickaxe":8382,"minecraft:minecart":1,"minecraft:cooked_beef":362,"minecraft:bamboo_planks":4,"minecraft:cooked_mutton":158,"minecraft:cobblestone_stairs":161,"minecraft:polished_andesite":1,"minecraft:netherite_chestplate":171,"minecraft:baked_potato":11,"minecraft:brown_mushroom":1,"minecraft:spruce_sign":11,"minecraft:stonecutter":4,"minecraft:cobblestone_slab":2862,"minecraft:piston":5,"minecraft:stone_axe":86,"minecraft:fishing_rod":42,"minecraft:white_banner":128,"minecraft:bucket":555,"minecraft:yellow_bed":3},"minecraft:mined":{"minecraft:dark_oak_planks":7,"minecraft:dragon_wall_head":2,"minecraft:white_bed":41,"minecraft:jungle_leaves":143,"minecraft:granite":6,"minecraft:chiseled_polished_blackstone":1,"minecraft:jungle_log":96,"minecraft:hopper":7,"minecraft:nether_wart":25,"minecraft:chorus_flower":1,"minecraft:polished_blackstone_bricks":24,"minecraft:tall_seagrass":1,"minecraft:magma_block":42,"minecraft:cobbled_deepslate":3,"minecraft:fire":65,"minecraft:barrel":2,"minecraft:pumpkin":8,"minecraft:fletching_table":1,"minecraft:deepslate_lapis_ore":5,"minecraft:nether_brick_stairs":1,"minecraft:dirt_path":301,"minecraft:oak_stairs":4,"minecraft:white_banner":38,"minecraft:tripwire":4,"minecraft:brown_mushroom":1,"minecraft:kelp_plant":9,"minecraft:crimson_nylium":21,"minecraft:soul_fire":1,"minecraft:torch":155,"minecraft:blast_furnace":1,"minecraft:melon":9,"minecraft:glass":95,"minecraft:sugar_cane":326,"minecraft:amethyst_block":1,"minecraft:repeater":2,"minecraft:bamboo_planks":4,"minecraft:wheat":94,"minecraft:lilac":6,"minecraft:pumpkin_stem":6,"minecraft:stonecutter":4,"minecraft:deepslate":263,"minecraft:dark_prismarine":1,"minecraft:mossy_cobblestone":18,"minecraft:dark_oak_log":52,"minecraft:shulker_box":100,"minecraft:end_stone":115,"minecraft:nether_bricks":14,"minecraft:dark_oak_fence":35,"minecraft:spruce_fence":31,"minecraft:jungle_planks":2,"minecraft:crimson_roots":2,"minecraft:redstone_wire":1,"minecraft:moss_block":1,"minecraft:kelp":2,"minecraft:jungle_sapling":1,"minecraft:andesite":8,"minecraft:potatoes":4,"minecraft:cobblestone_slab":65,"minecraft:vine":3,"minecraft:rail":1,"minecraft:bamboo_sapling":41,"minecraft:bamboo":1726,"minecraft:ender_chest":57,"minecraft:smithing_table":1,"minecraft:glass_pane":7,"minecraft:soul_sand":18,"minecraft:observer":8,"minecraft:short_grass":67,"minecraft:sponge":62,"minecraft:campfire":23,"minecraft:tall_grass":3,"minecraft:copper_ore":14,"minecraft:deepslate_gold_ore":11,"minecraft:diorite":6,"minecraft:cobblestone_wall":12,"minecraft:white_carpet":4,"minecraft:spruce_log":2244,"minecraft:gravel":262,"minecraft:stone_bricks":38,"minecraft:fern":32,"minecraft:spruce_planks":290,"minecraft:farmland":71,"minecraft:cobblestone_stairs":11,"minecraft:spruce_trapdoor":93,"minecraft:grass_block":5893,"minecraft:infested_cobblestone":1,"minecraft:cracked_polished_blackstone_bricks":17,"minecraft:composter":4,"minecraft:glowstone":59,"minecraft:iron_ore":20,"minecraft:dark_oak_stairs":6,"minecraft:flowering_azalea_leaves":1,"minecraft:end_stone_bricks":3,"minecraft:spruce_slab":3,"minecraft:deepslate_redstone_ore":33,"minecraft:blackstone":125,"minecraft:purpur_stairs":2,"minecraft:clay":6,"minecraft:poppy":7,"minecraft:chest":43,"minecraft:nether_quartz_ore":24,"minecraft:cobblestone":538,"minecraft:grindstone":2,"minecraft:prismarine":9,"minecraft:oak_planks":85,"minecraft:wall_torch":203,"minecraft:seagrass":1,"minecraft:nether_wart_block":19,"minecraft:tnt":1,"minecraft:purpur_block":2,"minecraft:smooth_stone_slab":8,"minecraft:oak_log":22,"minecraft:sand":3321,"minecraft:dirt":4362,"minecraft:dispenser":2,"minecraft:netherrack":5123,"minecraft:ancient_debris":57,"minecraft:oak_leaves":35,"minecraft:nether_gold_ore":92,"minecraft:tuff":8,"minecraft:deepslate_diamond_ore":100,"minecraft:ladder":1,"minecraft:weeping_vines":1,"minecraft:spruce_leaves":564,"minecraft:sandstone":13,"minecraft:rooted_dirt":6,"minecraft:crimson_stem":2,"minecraft:large_fern":36,"minecraft:hay_block":31,"minecraft:oak_trapdoor":1,"minecraft:furnace":4,"minecraft:stripped_spruce_log":2,"minecraft:gold_block":18,"minecraft:bookshelf":17,"minecraft:deepslate_iron_ore":32,"minecraft:shroomlight":1,"minecraft:lantern":26,"minecraft:wet_sponge":119,"minecraft:stone":2024,"minecraft:scaffolding":1,"minecraft:flowering_azalea":1,"minecraft:basalt":15,"minecraft:spruce_door":1,"minecraft:crafting_table":15,"minecraft:lectern":79,"minecraft:prismarine_bricks":1,"minecraft:spruce_stairs":28,"minecraft:sweet_berry_bush":23,"minecraft:white_wall_banner":3,"minecraft:yellow_bed":3,"minecraft:coal_ore":279,"minecraft:cocoa":6,"minecraft:end_rod":1,"minecraft:mossy_stone_bricks":2},"minecraft:killed_by":{"minecraft:piglin_brute":3,"minecraft:ravager":1,"minecraft:vindicator":1,"minecraft:zombie":2,"minecraft:vex":1,"minecraft:ender_dragon":2,"minecraft:shulker":1,"minecraft:zombified_piglin":1,"minecraft:wither_skeleton":1,"minecraft:creeper":1,"minecraft:player":20,"minecraft:spider":1,"minecraft:enderman":2,"minecraft:iron_golem":12,"minecraft:skeleton":1},"minecraft:dropped":{"minecraft:crimson_stem":1,"minecraft:iron_sword":1,"minecraft:porkchop":6,"minecraft:cooked_beef":135,"minecraft:glass_bottle":1,"minecraft:diamond":430,"minecraft:cooked_porkchop":3,"minecraft:crossbow":12,"minecraft:saddle":2,"minecraft:elytra":1,"minecraft:rail":1,"minecraft:sentry_armor_trim_smithing_template":1,"minecraft:emerald":22,"minecraft:dirt":2627,"minecraft:dark_oak_fence":3,"minecraft:chain":14,"minecraft:gold_nugget":11,"minecraft:sand":583,"minecraft:sugar":11,"minecraft:iron_pickaxe":1,"minecraft:white_wool":22,"minecraft:bone":18,"minecraft:sugar_cane":21,"minecraft:ancient_debris":1,"minecraft:iron_nugget":32,"minecraft:golden_chestplate":3,"minecraft:cobbled_deepslate":144,"minecraft:netherite_sword":9,"minecraft:obsidian":8,"minecraft:rotten_flesh":28,"minecraft:oak_planks":10,"minecraft:end_stone":7,"minecraft:glowstone_dust":10,"minecraft:white_bed":6,"minecraft:hopper":3,"minecraft:ladder":8,"minecraft:glass":20,"minecraft:campfire":13,"minecraft:crying_obsidian":11,"minecraft:enchanted_book":2,"minecraft:golden_boots":3,"minecraft:iron_ingot":149,"minecraft:wheat_seeds":54,"minecraft:clock":1,"minecraft:tnt":1,"minecraft:netherite_helmet":1,"minecraft:iron_helmet":2,"minecraft:cobblestone":6088,"minecraft:music_disc_pigstep":2,"minecraft:spruce_door":1,"minecraft:coal":14,"minecraft:golden_apple":2,"minecraft:lava_bucket":1,"minecraft:diamond_helmet":1,"minecraft:potion":2,"minecraft:dried_kelp":4,"minecraft:iron_shovel":2,"minecraft:string":5862,"minecraft:spruce_sapling":6,"minecraft:bamboo_planks":6,"minecraft:furnace":1,"minecraft:moss_carpet":8,"minecraft:netherite_hoe":2,"minecraft:netherite_ingot":10,"minecraft:stone_sword":2,"minecraft:smooth_stone_slab":11,"minecraft:bowl":2,"minecraft:experience_bottle":3,"minecraft:chicken":1,"minecraft:white_carpet":3,"minecraft:iron_boots":3,"minecraft:name_tag":2,"minecraft:spruce_fence":37,"minecraft:shears":2,"minecraft:suspicious_stew":3,"minecraft:diamond_sword":6,"minecraft:potato":1346,"minecraft:cobblestone_slab":112,"minecraft:shroomlight":1,"minecraft:spruce_boat":1,"minecraft:stone":70,"minecraft:piglin_banner_pattern":2,"minecraft:spruce_trapdoor":5,"minecraft:spruce_planks":201,"minecraft:diamond_pickaxe":2,"minecraft:bamboo":2221,"minecraft:spider_eye":9,"minecraft:stone_bricks":28,"minecraft:bow":1,"minecraft:crimson_nylium":15,"minecraft:moss_block":19,"minecraft:brown_mushroom":2,"minecraft:diamond_axe":1,"minecraft:ender_pearl":8781,"minecraft:netherite_upgrade_smithing_template":6,"minecraft:lantern":14,"minecraft:leather":5,"minecraft:iron_horse_armor":1,"minecraft:spruce_leaves":90,"minecraft:cracked_polished_blackstone_bricks":5,"minecraft:netherite_scrap":29,"minecraft:mutton":5,"minecraft:crimson_roots":6,"minecraft:gilded_blackstone":2,"minecraft:axolotl_bucket":1,"minecraft:gold_ingot":17,"minecraft:armor_stand":1,"minecraft:gravel":124,"minecraft:diamond_shovel":4,"minecraft:cooked_mutton":6,"minecraft:carrot":340,"minecraft:shulker_shell":2,"minecraft:poppy":77,"minecraft:leather_chestplate":2,"minecraft:gunpowder":5,"minecraft:beetroot_seeds":3,"minecraft:melon_seeds":4,"minecraft:glowstone":201,"minecraft:azalea":5,"minecraft:chest":9,"minecraft:iron_bars":15,"minecraft:arrow":205,"minecraft:quartz":2,"minecraft:netherrack":958,"minecraft:firework_rocket":166,"minecraft:stone_hoe":1,"minecraft:water_bucket":4,"minecraft:bread":95,"minecraft:stripped_spruce_log":1,"minecraft:golden_helmet":4,"minecraft:diamond_leggings":1,"minecraft:poisonous_potato":8,"minecraft:golden_axe":1,"minecraft:lead":4,"minecraft:spectral_arrow":8,"minecraft:tropical_fish":13,"minecraft:spruce_stairs":3,"minecraft:stick":1273,"minecraft:nether_gold_ore":3,"minecraft:torch":534,"minecraft:repeater":2,"minecraft:nether_wart_block":17,"minecraft:iron_leggings":1,"minecraft:iron_axe":4,"minecraft:bucket":2,"minecraft:dandelion":4,"minecraft:redstone":7,"minecraft:ender_chest":67,"minecraft:nether_wart":18,"minecraft:tuff":9,"minecraft:raw_iron":55,"minecraft:ender_eye":13,"minecraft:totem_of_undying":4,"minecraft:shulker_box":6,"minecraft:netherite_leggings":3,"minecraft:flint_and_steel":8,"minecraft:copper_ore":3,"minecraft:shield":1,"minecraft:iron_chestplate":3,"minecraft:mossy_stone_bricks":2,"minecraft:golden_leggings":1,"minecraft:oak_sapling":3,"minecraft:golden_sword":7,"minecraft:spruce_log":2,"minecraft:diamond_boots":2,"minecraft:raw_gold":21,"minecraft:nether_quartz_ore":2},"minecraft:crafted":{"minecraft:ender_chest":1,"minecraft:smooth_stone":3,"minecraft:blaze_powder":12,"minecraft:lever":3,"minecraft:bookshelf":17,"minecraft:cooked_mutton":11,"minecraft:shulker_box":6,"minecraft:iron_bars":16,"minecraft:glass":291,"minecraft:repeater":24,"minecraft:diamond_helmet":1,"minecraft:diamond_leggings":1,"minecraft:dried_kelp_block":12,"minecraft:name_tag":1,"minecraft:emerald":347,"minecraft:cooked_porkchop":21,"minecraft:diamond_axe":1,"minecraft:campfire":45,"minecraft:bamboo_planks":456,"minecraft:iron_block":4,"minecraft:gold_ingot":57,"minecraft:composter":1,"minecraft:diamond_hoe":1,"minecraft:white_carpet":120,"minecraft:lantern":10,"minecraft:spruce_slab":18,"minecraft:stone_pickaxe":3,"minecraft:wheat":279,"minecraft:coal_block":3,"minecraft:enchanting_table":1,"minecraft:dried_kelp":110,"minecraft:enchanted_book":2,"minecraft:wooden_axe":1,"minecraft:iron_shovel":1,"minecraft:iron_leggings":1,"minecraft:armor_stand":1,"minecraft:oak_planks":24,"minecraft:cobblestone_slab":2,"minecraft:barrel":1,"minecraft:stone":197,"minecraft:cobblestone_stairs":2,"minecraft:bamboo_block":228,"minecraft:hopper":57,"minecraft:bow":9,"minecraft:iron_boots":1,"minecraft:comparator":1,"minecraft:chest":71,"minecraft:oak_button":1,"minecraft:netherite_upgrade_smithing_template":6,"minecraft:stone_hoe":1,"minecraft:golden_boots":1,"minecraft:arrow":128,"minecraft:crafting_table":2,"minecraft:spruce_planks":756,"minecraft:iron_helmet":2,"minecraft:wooden_pickaxe":1,"minecraft:baked_potato":11,"minecraft:dispenser":1,"minecraft:iron_chestplate":1,"minecraft:paper":6,"minecraft:stick":520,"minecraft:netherite_hoe":1,"minecraft:redstone_torch":51,"minecraft:shears":13,"minecraft:redstone":2,"minecraft:fishing_rod":4,"minecraft:tripwire_hook":10,"minecraft:netherite_sword":1,"minecraft:furnace":2,"minecraft:blast_furnace":1,"minecraft:flint_and_steel":8,"minecraft:netherite_leggings":1,"minecraft:iron_axe":3,"minecraft:minecart":1,"minecraft:observer":11,"minecraft:cooked_beef":12,"minecraft:diamond_sword":1,"minecraft:spruce_sign":12,"minecraft:iron_sword":4,"minecraft:bucket":4,"minecraft:stone_axe":1,"minecraft:air":0,"minecraft:bread":100,"minecraft:white_wool":2028,"minecraft:anvil":2,"minecraft:torch":8,"minecraft:firework_rocket":18},"minecraft:picked_up":{"minecraft:iron_chestplate":2,"minecraft:suspicious_stew":3,"minecraft:smithing_table":1,"minecraft:lead":17,"minecraft:diamond_sword":9,"minecraft:oak_stairs":4,"minecraft:enchanted_book":3,"minecraft:brewing_stand":1,"minecraft:golden_sword":7,"minecraft:amethyst_block":1,"minecraft:string":4634,"minecraft:cooked_salmon":4,"minecraft:shroomlight":1,"minecraft:diamond_leggings":1,"minecraft:gold_nugget":374,"minecraft:cobbled_deepslate":448,"minecraft:spruce_planks":433,"minecraft:netherite_upgrade_smithing_template":3,"minecraft:melon_slice":81,"minecraft:golden_helmet":4,"minecraft:composter":4,"minecraft:big_dripleaf":6,"minecraft:golden_axe":1,"minecraft:golden_chestplate":2,"minecraft:stone_sword":2,"minecraft:tropical_fish":13,"minecraft:iron_block":2,"minecraft:glowstone":68,"minecraft:bookshelf":15,"minecraft:end_rod":1,"minecraft:blaze_rod":6,"minecraft:sponge":62,"minecraft:magma_block":62,"minecraft:feather":7,"minecraft:cooked_beef":86,"minecraft:water_bucket":3,"minecraft:jungle_log":96,"minecraft:flint":24,"minecraft:netherite_leggings":3,"minecraft:lantern":31,"minecraft:stonecutter":4,"minecraft:diamond_helmet":3,"minecraft:glowstone_dust":28,"minecraft:moss_block":44,"minecraft:stripped_spruce_log":4,"minecraft:ink_sac":3,"minecraft:dark_oak_log":54,"minecraft:barrel":2,"minecraft:polished_andesite":1,"minecraft:dispenser":1,"minecraft:bread":6,"minecraft:rooted_dirt":6,"minecraft:dark_oak_fence":37,"minecraft:crimson_roots":6,"minecraft:diamond_pickaxe":6,"minecraft:spruce_leaves":389,"minecraft:crafting_table":18,"minecraft:nether_wart":50,"minecraft:clay_ball":51,"minecraft:leather_leggings":1,"minecraft:dragon_head":2,"minecraft:purpur_block":2,"minecraft:elytra":2,"minecraft:flint_and_steel":2,"minecraft:netherite_scrap":58,"minecraft:white_carpet":13,"minecraft:iron_shovel":6,"minecraft:glass_pane":2,"minecraft:netherite_sword":9,"minecraft:beef":27,"minecraft:jungle_sapling":9,"minecraft:iron_nugget":32,"minecraft:poppy":146,"minecraft:spruce_slab":7,"minecraft:chest":46,"minecraft:diamond_hoe":1,"minecraft:egg":14,"minecraft:copper_ore":6,"minecraft:sandstone":14,"minecraft:stone":1800,"minecraft:spruce_fence":60,"minecraft:carrot":22,"minecraft:redstone":230,"minecraft:netherite_pickaxe":1,"minecraft:tnt":2,"minecraft:diamond_chestplate":1,"minecraft:beetroot_seeds":10,"minecraft:shears":1,"minecraft:diamond_boots":4,"minecraft:hay_block":32,"minecraft:gold_ingot":40,"minecraft:totem_of_undying":15,"minecraft:mutton":48,"minecraft:white_wool":103,"minecraft:bone_block":4,"minecraft:rail":1,"minecraft:clock":1,"minecraft:fern":4,"minecraft:purpur_stairs":2,"minecraft:oak_log":24,"minecraft:ancient_debris":58,"minecraft:golden_boots":2,"minecraft:white_banner":126,"minecraft:apple":1,"minecraft:stone_bricks":30,"minecraft:kelp":184,"minecraft:stone_pickaxe":1,"minecraft:glass_bottle":5,"minecraft:iron_sword":3,"minecraft:flowering_azalea":1,"minecraft:dark_oak_slab":1,"minecraft:sweet_berries":58,"minecraft:gravel":254,"minecraft:spruce_sapling":338,"minecraft:spruce_log":2248,"minecraft:crying_obsidian":11,"minecraft:dragon_egg":1,"minecraft:firework_rocket":13,"minecraft:diamond_shovel":6,"minecraft:coal_ore":80,"minecraft:gray_wool":1,"minecraft:oak_button":2,"minecraft:melon_seeds":8,"minecraft:crimson_nylium":15,"minecraft:hopper":5,"minecraft:ender_pearl":903,"minecraft:shulker_shell":14,"minecraft:wheat":16,"minecraft:ender_chest":118,"minecraft:sentry_armor_trim_smithing_template":1,"minecraft:potion":3,"minecraft:gilded_blackstone":6,"minecraft:raw_copper":32,"minecraft:smooth_stone_slab":24,"minecraft:iron_leggings":5,"minecraft:netherite_ingot":2,"minecraft:experience_bottle":2,"minecraft:oak_sign":2,"minecraft:bucket":2,"minecraft:cobblestone_slab":219,"minecraft:ender_eye":13,"minecraft:azalea":6,"minecraft:iron_pickaxe":6,"minecraft:iron_boots":3,"minecraft:furnace":10,"minecraft:stick":872,"minecraft:torch":511,"minecraft:spruce_stairs":27,"minecraft:porkchop":29,"minecraft:dried_kelp":4,"minecraft:diorite":2,"minecraft:music_disc_pigstep":2,"minecraft:nether_gold_ore":16,"minecraft:rotten_flesh":118,"minecraft:chorus_flower":4,"minecraft:obsidian":97,"minecraft:cobblestone":7232,"minecraft:leather_chestplate":1,"minecraft:lilac":7,"minecraft:magma_cream":37,"minecraft:repeater":3,"minecraft:andesite":11,"minecraft:golden_leggings":1,"minecraft:potato":223,"minecraft:tuff":23,"minecraft:prismarine_bricks":1,"minecraft:lapis_lazuli":35,"minecraft:dirt":9933,"minecraft:name_tag":1,"minecraft:glass":170,"minecraft:bone":152,"minecraft:bow":2,"minecraft:wheat_seeds":191,"minecraft:raw_gold":21,"minecraft:bell":1,"minecraft:grindstone":1,"minecraft:fletching_table":1,"minecraft:mossy_stone_bricks":3,"minecraft:bamboo":20656,"minecraft:prismarine":9,"minecraft:oak_planks":215,"minecraft:cooked_porkchop":6,"minecraft:poisonous_potato":8,"minecraft:sand":5882,"minecraft:grass_block":1,"minecraft:mossy_cobblestone":18,"minecraft:spectral_arrow":23,"minecraft:shulker_box":105,"minecraft:dark_prismarine":1,"minecraft:jungle_leaves":4,"minecraft:sugar":24,"minecraft:diamond":187,"minecraft:spruce_boat":3,"minecraft:netherite_helmet":1,"minecraft:cracked_polished_blackstone_bricks":5,"minecraft:crossbow":21,"minecraft:bone_meal":3,"minecraft:golden_apple":1,"minecraft:emerald":173,"minecraft:piglin_banner_pattern":2,"minecraft:oak_sapling":8,"minecraft:netherrack":2256,"minecraft:oak_leaves":2,"minecraft:end_stone_bricks":7,"minecraft:cocoa_beans":14,"minecraft:chicken":5,"minecraft:ladder":2,"minecraft:brown_mushroom":11,"minecraft:wooden_pickaxe":1,"minecraft:gold_block":25,"minecraft:diamond_horse_armor":1,"minecraft:chain":27,"minecraft:shield":2,"minecraft:oak_trapdoor":1,"minecraft:moss_carpet":8,"minecraft:iron_axe":8,"minecraft:item_frame":4,"minecraft:blackstone":62,"minecraft:oak_boat":4,"minecraft:observer":8,"minecraft:light_gray_wool":5,"minecraft:lectern":80,"minecraft:sugar_cane":532,"minecraft:spruce_trapdoor":94,"minecraft:dark_oak_sapling":1,"minecraft:raw_iron":55,"minecraft:end_stone":113,"minecraft:bowl":2,"minecraft:polished_blackstone_bricks":69,"minecraft:stone_button":2,"minecraft:dark_oak_planks":24,"minecraft:arrow":150,"minecraft:saddle":18,"minecraft:wet_sponge":120,"minecraft:basalt":15,"minecraft:crimson_stem":1,"minecraft:salmon":1,"minecraft:leather":35,"minecraft:birch_planks":16,"minecraft:gunpowder":39,"minecraft:yellow_bed":3,"minecraft:nether_wart_block":17,"minecraft:cobblestone_wall":16,"minecraft:cobblestone_stairs":10,"minecraft:cooked_mutton":24,"minecraft:red_carpet":8,"minecraft:iron_ingot":1127,"minecraft:cooked_chicken":2,"minecraft:soul_sand":23,"minecraft:book":6,"minecraft:scaffolding":40,"minecraft:nether_quartz_ore":2,"minecraft:bamboo_planks":4,"minecraft:pumpkin":7,"minecraft:quartz":14,"minecraft:dandelion":4,"minecraft:lava_bucket":1,"minecraft:white_bed":40,"minecraft:spruce_door":3,"minecraft:spider_eye":32,"minecraft:campfire":15,"minecraft:iron_helmet":6,"minecraft:netherite_hoe":1,"minecraft:coal":397,"minecraft:wooden_axe":1}},"DataVersion":3700}