{"stats":{"minecraft:killed_by":{"minecraft:zombie":1},"minecraft:mined":{"minecraft:spruce_planks":3,"minecraft:white_bed":3,"minecraft:mossy_cobblestone":1,"minecraft:cobblestone_stairs":1,"minecraft:dark_oak_log":6,"minecraft:carved_pumpkin":5,"minecraft:dark_oak_fence":10,"minecraft:grass_block":50,"minecraft:spruce_leaves":20,"minecraft:kelp":1,"minecraft:sandstone":11,"minecraft:large_fern":10,"minecraft:hay_block":6,"minecraft:tall_seagrass":1,"minecraft:furnace":1,"minecraft:potatoes":1,"minecraft:flowering_azalea_leaves":17,"minecraft:dirt_path":6,"minecraft:oak_stairs":10,"minecraft:azalea_leaves":24,"minecraft:stone":57,"minecraft:white_wool":20,"minecraft:crafting_table":6,"minecraft:torch":2,"minecraft:chest":2,"minecraft:cobblestone":8,"minecraft:grindstone":1,"minecraft:sugar_cane":2,"minecraft:oak_planks":16,"minecraft:wall_torch":3,"minecraft:spruce_stairs":1,"minecraft:seagrass":1,"minecraft:wheat":9,"minecraft:spruce_log":66,"minecraft:coal_ore":12,"minecraft:oak_log":32,"minecraft:sand":5,"minecraft:dirt":11,"minecraft:oak_leaves":12,"minecraft:fern":1},"minecraft:custom":{"minecraft:mob_kills":10,"minecraft:interact_with_crafting_table":29,"minecraft:bell_ring":8,"minecraft:leave_game":5,"minecraft:time_since_death":74004,"minecraft:climb_one_cm":176,"minecraft:sprint_one_cm":106859,"minecraft:walk_one_cm":203762,"minecraft:drop":21,"minecraft:talked_to_villager":16,"minecraft:play_time":81602,"minecraft:deaths":1,"minecraft:sneak_time":1190,"minecraft:walk_under_water_one_cm":4582,"minecraft:boat_one_cm":70363,"minecraft:jump":703,"minecraft:walk_on_water_one_cm":9969,"minecraft:total_world_time":81602,"minecraft:interact_with_furnace":7,"minecraft:traded_with_villager":13,"minecraft:sleep_in_bed":8,"minecraft:time_since_rest":5147,"minecraft:damage_taken":590,"minecraft:damage_dealt":1493,"minecraft:swim_one_cm":13196,"minecraft:fly_one_cm":71813,"minecraft:open_chest":24,"minecraft:crouch_one_cm":855,"minecraft:fall_one_cm":15518},"minecraft:used":{"minecraft:stone_shovel":60,"minecraft:chest":3,"minecraft:torch":5,"minecraft:dirt":3,"minecraft:iron_axe":10,"minecraft:furnace":2,"minecraft:potato":4,"minecraft:cobblestone_stairs":5,"minecraft:stone_pickaxe":72,"minecraft:wooden_pickaxe":8,"minecraft:sand":2,"minecraft:crafting_table":7,"minecraft:white_bed":4,"minecraft:spruce_log":10,"minecraft:bread":7,"minecraft:suspicious_stew":2,"minecraft:iron_pickaxe":33,"minecraft:stone_axe":229,"minecraft:cobblestone":3,"minecraft:potion":1,"minecraft:oak_boat":1},"minecraft:crafted":{"minecraft:oak_planks":140,"minecraft:stone_shovel":1,"minecraft:furnace":1,"minecraft:cobblestone_stairs":4,"minecraft:iron_axe":1,"minecraft:stone_pickaxe":1,"minecraft:dark_oak_planks":24,"minecraft:wheat":54,"minecraft:emerald":11,"minecraft:cooked_porkchop":3,"minecraft:crafting_table":1,"minecraft:spruce_planks":108,"minecraft:wooden_pickaxe":1,"minecraft:iron_sword":1,"minecraft:stone_axe":2,"minecraft:bread":20,"minecraft:air":0,"minecraft:oak_boat":1,"minecraft:shield":2,"minecraft:stick":364,"minecraft:iron_ingot":3,"minecraft:iron_pickaxe":1,"minecraft:torch":4},"minecraft:picked_up":{"minecraft:iron_chestplate":1,"minecraft:crafting_table":7,"minecraft:wheat":6,"minecraft:suspicious_stew":2,"minecraft:wooden_pickaxe":1,"minecraft:oak_stairs":10,"minecraft:potion":1,"minecraft:shield":1,"minecraft:string":1,"minecraft:armor_stand":1,"minecraft:spruce_planks":163,"minecraft:azalea":4,"minecraft:poppy":1,"minecraft:chest":3,"minecraft:sugar_cane":2,"minecraft:furnace":1,"minecraft:raw_iron":3,"minecraft:stick":9,"minecraft:sandstone":10,"minecraft:torch":11,"minecraft:spruce_stairs":1,"minecraft:porkchop":3,"minecraft:rotten_flesh":2,"minecraft:arrow":4,"minecraft:hay_block":5,"minecraft:carved_pumpkin":5,"minecraft:mutton":6,"minecraft:cobblestone":56,"minecraft:white_wool":21,"minecraft:potato":4,"minecraft:oak_log":45,"minecraft:gunpowder":8,"minecraft:cobblestone_stairs":1,"minecraft:dirt":57,"minecraft:bone":3,"minecraft:apple":3,"minecraft:wheat_seeds":18,"minecraft:iron_ingot":6,"minecraft:grindstone":1,"minecraft:stone_pickaxe":1,"minecraft:flowering_azalea":1,"minecraft:oak_planks":33,"minecraft:cooked_porkchop":1,"minecraft:pumpkin":7,"minecraft:poisonous_potato":6,"minecraft:sand":4,"minecraft:spruce_sapling":5,"minecraft:white_bed":4,"minecraft:spruce_log":68,"minecraft:dark_oak_log":12,"minecraft:spider_eye":1,"minecraft:mossy_cobblestone":1,"minecraft:pumpkin_seeds":1,"minecraft:stone_axe":1,"minecraft:crossbow":1,"minecraft:emerald":4,"minecraft:bread":10,"minecraft:dark_oak_fence":9,"minecraft:coal":50},"minecraft:killed":{"minecraft:spider":1,"minecraft:skeleton":2,"minecraft:creeper":2,"minecraft:squid":1,"minecraft:sheep":3,"minecraft:pillager":1},"minecraft:broken":{"minecraft:stone_axe":1},"minecraft:dropped":{"minecraft:bread":12,"minecraft:iron_sword":1,"minecraft:wheat_seeds":10,"minecraft:glass_bottle":1,"minecraft:apple":1,"minecraft:potion":1,"minecraft:armor_stand":1,"minecraft:bowl":2,"minecraft:wheat":1,"minecraft:rotten_flesh":2,"minecraft:oak_planks":40,"minecraft:pumpkin_seeds":1,"minecraft:poppy":1,"minecraft:shield":2,"minecraft:gunpowder":3,"minecraft:spider_eye":1}},"DataVersion":3700}