{"stats":{"minecraft:used":{"minecraft:iron_shovel":16,"minecraft:spruce_slab":9,"minecraft:elytra":8,"minecraft:chest":27,"minecraft:shield":155,"minecraft:iron_sword":74,"minecraft:carrot":1,"minecraft:axolotl_bucket":8,"minecraft:spruce_boat":10,"minecraft:bow":79,"minecraft:furnace":1,"minecraft:egg":6,"minecraft:potato":9,"minecraft:diamond_boots":1,"minecraft:spruce_door":2,"minecraft:oak_planks":39,"minecraft:stone_pickaxe":131,"minecraft:blackstone":47,"minecraft:ender_pearl":5,"minecraft:wooden_pickaxe":8,"minecraft:sugar_cane":9,"minecraft:blue_bed":4,"minecraft:diamond_axe":451,"minecraft:golden_apple":1,"minecraft:sand":3,"minecraft:crossbow":1,"minecraft:shears":235,"minecraft:firework_rocket":2,"minecraft:bread":14,"minecraft:lectern":43,"minecraft:diamond_sword":777,"minecraft:smithing_table":1,"minecraft:oak_boat":6,"minecraft:flint_and_steel":1,"minecraft:carved_pumpkin":1,"minecraft:tropical_fish":12,"minecraft:spruce_planks":222,"minecraft:ender_chest":4,"minecraft:cooked_chicken":2,"minecraft:netherrack":45,"minecraft:oak_door":3,"minecraft:torch":32,"minecraft:brewing_stand":1,"minecraft:dirt":21,"minecraft:spruce_stairs":1,"minecraft:shulker_box":31,"minecraft:iron_axe":17,"minecraft:netherite_pickaxe":2101,"minecraft:cooked_beef":2,"minecraft:cobbled_deepslate":33,"minecraft:calcite":3,"minecraft:wheat_seeds":2,"minecraft:cooked_mutton":17,"minecraft:water_bucket":21,"minecraft:amethyst_block":2,"minecraft:netherite_chestplate":5,"minecraft:polished_blackstone_bricks":3,"minecraft:mossy_cobblestone":2,"minecraft:crafting_table":13,"minecraft:white_bed":18,"minecraft:spruce_log":1,"minecraft:smoker":1,"minecraft:ender_eye":17,"minecraft:diamond_pickaxe":7000,"minecraft:apple":2,"minecraft:chicken":1,"minecraft:iron_pickaxe":252,"minecraft:suspicious_stew":2,"minecraft:spruce_trapdoor":5,"minecraft:stone_axe":244,"minecraft:cobblestone":95,"minecraft:purple_bed":2,"minecraft:bucket":29},"minecraft:killed_by":{"minecraft:piglin_brute":2,"minecraft:piglin":3,"minecraft:zombie":1,"minecraft:player":22,"minecraft:iron_golem":16},"minecraft:crafted":{"minecraft:oak_planks":352,"minecraft:cooked_mutton":8,"minecraft:bow":5,"minecraft:diamond_helmet":4,"minecraft:diamond_leggings":3,"minecraft:iron_boots":1,"minecraft:chest":8,"minecraft:ender_eye":12,"minecraft:smoker":1,"minecraft:oak_slab":6,"minecraft:emerald":70,"minecraft:arrow":58,"minecraft:cooked_porkchop":3,"minecraft:diamond_axe":1,"minecraft:crafting_table":5,"minecraft:spruce_planks":2552,"minecraft:wooden_pickaxe":1,"minecraft:iron_helmet":1,"minecraft:smithing_table":1,"minecraft:sentry_armor_trim_smithing_template":6,"minecraft:iron_chestplate":1,"minecraft:diamond_pickaxe":4,"minecraft:shield":5,"minecraft:stick":4724,"minecraft:iron_ingot":52,"minecraft:iron_pickaxe":2,"minecraft:gold_ingot":42,"minecraft:shears":1,"minecraft:oak_door":3,"minecraft:furnace":2,"minecraft:iron_axe":1,"minecraft:spruce_slab":6,"minecraft:stone_pickaxe":1,"minecraft:diamond_boots":3,"minecraft:spruce_boat":3,"minecraft:netherite_scrap":57,"minecraft:dark_oak_planks":56,"minecraft:wheat":45,"minecraft:cooked_beef":8,"minecraft:diamond_sword":1,"minecraft:cooked_salmon":1,"minecraft:bucket":3,"minecraft:stone_axe":3,"minecraft:enchanted_book":2,"minecraft:bread":12,"minecraft:air":0,"minecraft:oak_boat":2,"minecraft:golden_apple":2,"minecraft:iron_shovel":1,"minecraft:iron_leggings":1,"minecraft:white_bed":8,"minecraft:torch":44,"minecraft:diamond_chestplate":4},"minecraft:killed":{"minecraft:zombified_piglin":24,"minecraft:spider":1,"minecraft:skeleton":6,"minecraft:chicken":3,"minecraft:piglin_brute":2,"minecraft:magma_cube":1,"minecraft:piglin":6,"minecraft:iron_golem":19,"minecraft:creeper":2,"minecraft:sheep":11,"minecraft:pillager":1,"minecraft:zombie":4,"minecraft:blaze":1,"minecraft:wither_skeleton":1,"minecraft:enderman":2446},"minecraft:picked_up":{"minecraft:iron_chestplate":2,"minecraft:wheat":1,"minecraft:ender_chest":4,"minecraft:suspicious_stew":2,"minecraft:sentry_armor_trim_smithing_template":1,"minecraft:diamond_sword":1,"minecraft:oak_stairs":10,"minecraft:potion":1,"minecraft:gilded_blackstone":1,"minecraft:brewing_stand":2,"minecraft:golden_sword":1,"minecraft:amethyst_block":2,"minecraft:string":12,"minecraft:iron_leggings":2,"minecraft:netherite_ingot":13,"minecraft:diamond_leggings":1,"minecraft:gold_nugget":33,"minecraft:cobbled_deepslate":343,"minecraft:spruce_planks":203,"minecraft:ender_eye":17,"minecraft:calcite":4,"minecraft:azalea":9,"minecraft:netherite_upgrade_smithing_template":5,"minecraft:iron_pickaxe":1,"minecraft:furnace":2,"minecraft:iron_boots":2,"minecraft:stick":598,"minecraft:torch":132,"minecraft:spruce_stairs":3,"minecraft:porkchop":3,"minecraft:golden_axe":1,"minecraft:golden_chestplate":2,"minecraft:cauldron":8,"minecraft:rotten_flesh":14,"minecraft:tropical_fish":18,"minecraft:carved_pumpkin":6,"minecraft:cobblestone":403,"minecraft:magma_block":4,"minecraft:feather":4,"minecraft:water_bucket":2,"minecraft:potato":6,"minecraft:tuff":38,"minecraft:lapis_lazuli":39,"minecraft:dirt":61,"minecraft:bone":7,"minecraft:bow":3,"minecraft:wheat_seeds":10,"minecraft:raw_gold":49,"minecraft:grindstone":1,"minecraft:mossy_stone_bricks":1,"minecraft:moss_block":2,"minecraft:oak_planks":77,"minecraft:axolotl_bucket":2,"minecraft:poisonous_potato":6,"minecraft:sand":3,"minecraft:spectral_arrow":20,"minecraft:dark_oak_log":12,"minecraft:shulker_box":34,"minecraft:mossy_cobblestone":6,"minecraft:snout_armor_trim_smithing_template":1,"minecraft:diamond":445,"minecraft:spruce_boat":7,"minecraft:cracked_polished_blackstone_bricks":46,"minecraft:crossbow":4,"minecraft:bone_meal":1,"minecraft:golden_apple":1,"minecraft:emerald":1,"minecraft:bread":9,"minecraft:piglin_banner_pattern":2,"minecraft:oak_sapling":8,"minecraft:netherrack":483,"minecraft:dark_oak_fence":9,"minecraft:diamond_pickaxe":3,"minecraft:spruce_leaves":255,"minecraft:crafting_table":16,"minecraft:chicken":3,"minecraft:nether_wart":50,"minecraft:clay_ball":8,"minecraft:wooden_pickaxe":1,"minecraft:gold_block":2,"minecraft:chain":14,"minecraft:shield":2,"minecraft:elytra":1,"minecraft:flint_and_steel":1,"minecraft:netherite_scrap":60,"minecraft:iron_shovel":1,"minecraft:blackstone":50,"minecraft:oak_boat":5,"minecraft:poppy":35,"minecraft:spruce_slab":4,"minecraft:lectern":45,"minecraft:chest":25,"minecraft:sugar_cane":29,"minecraft:spruce_trapdoor":7,"minecraft:egg":6,"minecraft:raw_iron":57,"minecraft:sandstone":10,"minecraft:polished_blackstone_bricks":13,"minecraft:carrot":61,"minecraft:redstone":96,"minecraft:netherite_pickaxe":1,"minecraft:iron_horse_armor":1,"minecraft:arrow":131,"minecraft:diamond_chestplate":1,"minecraft:beetroot_seeds":1,"minecraft:shears":3,"minecraft:diamond_boots":2,"minecraft:hay_block":17,"minecraft:gold_ingot":22,"minecraft:mutton":20,"minecraft:white_wool":49,"minecraft:basalt":23,"minecraft:fern":8,"minecraft:oak_log":94,"minecraft:ancient_debris":2,"minecraft:gunpowder":20,"minecraft:blue_bed":4,"minecraft:cooked_mutton":11,"minecraft:apple":3,"minecraft:stone_bricks":1,"minecraft:stone_pickaxe":1,"minecraft:iron_ingot":254,"minecraft:cooked_chicken":2,"minecraft:iron_sword":1,"minecraft:flowering_azalea":2,"minecraft:book":1,"minecraft:oak_slab":6,"minecraft:nether_quartz_ore":1,"minecraft:smooth_basalt":1,"minecraft:quartz":38,"minecraft:gravel":7,"minecraft:spruce_sapling":8,"minecraft:white_bed":9,"minecraft:spruce_log":234,"minecraft:spruce_door":4,"minecraft:spider_eye":1,"minecraft:firework_rocket":11,"minecraft:purple_bed":2,"minecraft:stone_axe":2,"minecraft:gray_wool":1,"minecraft:coal":47,"minecraft:ender_pearl":63},"minecraft:broken":{"minecraft:shears":1,"minecraft:stone_axe":2,"minecraft:shield":2,"minecraft:iron_pickaxe":1},"minecraft:mined":{"minecraft:spruce_planks":86,"minecraft:white_bed":7,"minecraft:brewing_stand":2,"minecraft:carved_pumpkin":6,"minecraft:spruce_trapdoor":7,"minecraft:chiseled_polished_blackstone":4,"minecraft:grass_block":29,"minecraft:cracked_polished_blackstone_bricks":35,"minecraft:nether_wart":24,"minecraft:gilded_blackstone":1,"minecraft:spawner":1,"minecraft:polished_blackstone_bricks":74,"minecraft:tall_seagrass":1,"minecraft:magma_block":143,"minecraft:iron_ore":2,"minecraft:cobbled_deepslate":5,"minecraft:fire":4,"minecraft:deepslate_lapis_ore":3,"minecraft:water_cauldron":4,"minecraft:flowering_azalea_leaves":17,"minecraft:oak_stairs":10,"minecraft:azalea_leaves":24,"minecraft:spruce_slab":3,"minecraft:deepslate_redstone_ore":13,"minecraft:blackstone":102,"minecraft:kelp_plant":1,"minecraft:clay":3,"minecraft:torch":7,"minecraft:calcite":4,"minecraft:poppy":1,"minecraft:chest":22,"minecraft:nether_quartz_ore":34,"minecraft:cobblestone":45,"minecraft:grindstone":1,"minecraft:sugar_cane":19,"minecraft:oak_planks":21,"minecraft:wall_torch":16,"minecraft:amethyst_block":2,"minecraft:seagrass":1,"minecraft:birch_log":5,"minecraft:wheat":5,"minecraft:lilac":3,"minecraft:oak_log":86,"minecraft:beetroots":1,"minecraft:sand":5,"minecraft:dirt":40,"minecraft:smooth_basalt":1,"minecraft:ancient_debris":2,"minecraft:netherrack":7984,"minecraft:oak_leaves":32,"minecraft:deepslate":637,"minecraft:nether_gold_ore":17,"minecraft:tuff":41,"minecraft:mossy_cobblestone":5,"minecraft:deepslate_diamond_ore":54,"minecraft:oak_door":1,"minecraft:dark_oak_log":6,"minecraft:shulker_box":34,"minecraft:end_stone":2,"minecraft:dark_oak_fence":10,"minecraft:crimson_roots":1,"minecraft:spruce_leaves":260,"minecraft:moss_block":2,"minecraft:sandstone":11,"minecraft:large_fern":17,"minecraft:hay_block":18,"minecraft:furnace":1,"minecraft:gold_block":3,"minecraft:potatoes":1,"minecraft:deepslate_iron_ore":1,"minecraft:stone":58,"minecraft:white_wool":20,"minecraft:ender_chest":3,"minecraft:glass_pane":1,"minecraft:soul_sand":7,"minecraft:basalt":26,"minecraft:spruce_door":3,"minecraft:crafting_table":12,"minecraft:short_grass":10,"minecraft:lectern":43,"minecraft:tall_grass":11,"minecraft:deepslate_gold_ore":30,"minecraft:polished_blackstone_brick_stairs":2,"minecraft:blue_bed":4,"minecraft:spruce_stairs":4,"minecraft:purple_bed":3,"minecraft:cobblestone_wall":4,"minecraft:sweet_berry_bush":1,"minecraft:spruce_log":84,"minecraft:birch_leaves":2,"minecraft:coal_ore":22,"minecraft:gravel":10,"minecraft:cobweb":1,"minecraft:stone_bricks":1,"minecraft:mossy_stone_bricks":3,"minecraft:fern":1},"minecraft:dropped":{"minecraft:iron_sword":1,"minecraft:moss_block":2,"minecraft:diamond":29,"minecraft:crafting_table":3,"minecraft:crossbow":4,"minecraft:sentry_armor_trim_smithing_template":1,"minecraft:dirt":6,"minecraft:netherite_scrap":117,"minecraft:mutton":14,"minecraft:gold_nugget":6,"minecraft:axolotl_bucket":1,"minecraft:polished_blackstone_bricks":5,"minecraft:iron_pickaxe":2,"minecraft:dark_oak_planks":14,"minecraft:white_wool":7,"minecraft:cauldron":4,"minecraft:gold_ingot":21,"minecraft:bone":2,"minecraft:sugar_cane":8,"minecraft:ancient_debris":2,"minecraft:cobbled_deepslate":189,"minecraft:wheat":1,"minecraft:rotten_flesh":3,"minecraft:oak_planks":42,"minecraft:cooked_mutton":1,"minecraft:poppy":16,"minecraft:gunpowder":13,"minecraft:azalea":5,"minecraft:arrow":14,"minecraft:netherrack":109,"minecraft:lectern":2,"minecraft:water_bucket":1,"minecraft:iron_ingot":129,"minecraft:bread":6,"minecraft:oak_slab":12,"minecraft:wheat_seeds":7,"minecraft:mossy_cobblestone":2,"minecraft:diamond_leggings":2,"minecraft:iron_helmet":1,"minecraft:golden_axe":1,"minecraft:cobblestone":243,"minecraft:spruce_door":2,"minecraft:tropical_fish":6,"minecraft:stick":281,"minecraft:brewing_stand":1,"minecraft:torch":6,"minecraft:diamond_helmet":1,"minecraft:potion":1,"minecraft:iron_leggings":3,"minecraft:flowering_azalea":1,"minecraft:iron_axe":1,"minecraft:bucket":2,"minecraft:spruce_sapling":3,"minecraft:redstone":97,"minecraft:smooth_basalt":1,"minecraft:furnace":1,"minecraft:sweet_berries":1,"minecraft:netherite_ingot":1,"minecraft:nether_wart":11,"minecraft:bowl":2,"minecraft:tuff":38,"minecraft:raw_iron":2,"minecraft:clay_ball":8,"minecraft:iron_boots":3,"minecraft:ender_eye":12,"minecraft:shears":2,"minecraft:diamond_sword":1,"minecraft:potato":2,"minecraft:shield":4,"minecraft:diamond_chestplate":2,"minecraft:spruce_planks":7,"minecraft:iron_chestplate":3,"minecraft:diamond_pickaxe":3,"minecraft:mossy_stone_bricks":1,"minecraft:golden_sword":1,"minecraft:spider_eye":1,"minecraft:stone_bricks":1,"minecraft:diamond_boots":1,"minecraft:spruce_log":62,"minecraft:bow":1,"minecraft:stone_pickaxe":1,"minecraft:raw_gold":10,"minecraft:nether_quartz_ore":1,"minecraft:calcite":1},"minecraft:custom":{"minecraft:interact_with_crafting_table":109,"minecraft:open_shulker_box":52,"minecraft:bell_ring":9,"minecraft:leave_game":23,"minecraft:time_since_death":5895,"minecraft:sprint_one_cm":649026,"minecraft:damage_blocked_by_shield":7383,"minecraft:drop":319,"minecraft:talked_to_villager":509,"minecraft:play_time":622921,"minecraft:deaths":89,"minecraft:jump":6436,"minecraft:walk_on_water_one_cm":102817,"minecraft:enchant_item":1,"minecraft:interact_with_furnace":12,"minecraft:traded_with_villager":81,"minecraft:sleep_in_bed":40,"minecraft:open_enderchest":26,"minecraft:damage_dealt":40547,"minecraft:player_kills":20,"minecraft:crouch_one_cm":23895,"minecraft:interact_with_smoker":9,"minecraft:interact_with_smithing_table":24,"minecraft:interact_with_anvil":23,"minecraft:mob_kills":2530,"minecraft:inspect_hopper":1,"minecraft:interact_with_campfire":2,"minecraft:climb_one_cm":3589,"minecraft:walk_one_cm":1374770,"minecraft:sneak_time":15475,"minecraft:walk_under_water_one_cm":61982,"minecraft:boat_one_cm":166551,"minecraft:interact_with_blast_furnace":7,"minecraft:total_world_time":622921,"minecraft:interact_with_grindstone":1,"minecraft:interact_with_stonecutter":2,"minecraft:time_since_rest":5925,"minecraft:damage_absorbed":40,"minecraft:damage_taken":949523,"minecraft:swim_one_cm":44966,"minecraft:fly_one_cm":1681066,"minecraft:open_chest":467,"minecraft:aviate_one_cm":312035,"minecraft:fall_one_cm":9448694}},"DataVersion":3700}