{"stats":{"minecraft:killed":{"minecraft:spider":1,"minecraft:skeleton":5,"minecraft:iron_golem":7,"minecraft:creeper":2,"minecraft:sheep":7,"minecraft:pillager":1,"minecraft:zombie":4},"minecraft:killed_by":{"minecraft:player":3,"minecraft:iron_golem":2,"minecraft:zombie":1},"minecraft:crafted":{"minecraft:oak_planks":144,"minecraft:furnace":2,"minecraft:cooked_mutton":8,"minecraft:diamond_helmet":3,"minecraft:diamond_leggings":2,"minecraft:iron_boots":1,"minecraft:iron_axe":1,"minecraft:stone_pickaxe":1,"minecraft:diamond_boots":2,"minecraft:dark_oak_planks":56,"minecraft:smoker":1,"minecraft:wheat":45,"minecraft:cooked_beef":8,"minecraft:diamond_sword":1,"minecraft:emerald":32,"minecraft:cooked_porkchop":3,"minecraft:diamond_axe":1,"minecraft:crafting_table":2,"minecraft:spruce_planks":2260,"minecraft:iron_helmet":1,"minecraft:wooden_pickaxe":1,"minecraft:smithing_table":1,"minecraft:cooked_salmon":1,"minecraft:bucket":1,"minecraft:stone_axe":3,"minecraft:sentry_armor_trim_smithing_template":6,"minecraft:bread":12,"minecraft:air":0,"minecraft:oak_boat":1,"minecraft:iron_chestplate":1,"minecraft:diamond_pickaxe":2,"minecraft:shield":2,"minecraft:stick":4724,"minecraft:iron_ingot":1,"minecraft:iron_pickaxe":2,"minecraft:iron_shovel":1,"minecraft:iron_leggings":1,"minecraft:gold_ingot":21,"minecraft:white_bed":8,"minecraft:torch":44,"minecraft:diamond_chestplate":3},"minecraft:mined":{"minecraft:tuff":41,"minecraft:white_bed":4,"minecraft:spruce_planks":11,"minecraft:mossy_cobblestone":5,"minecraft:deepslate_diamond_ore":54,"minecraft:dark_oak_log":6,"minecraft:carved_pumpkin":6,"minecraft:spruce_trapdoor":2,"minecraft:dark_oak_fence":10,"minecraft:grass_block":17,"minecraft:spruce_leaves":20,"minecraft:moss_block":2,"minecraft:sandstone":11,"minecraft:large_fern":9,"minecraft:hay_block":6,"minecraft:tall_seagrass":1,"minecraft:furnace":1,"minecraft:iron_ore":2,"minecraft:deepslate_iron_ore":1,"minecraft:flowering_azalea_leaves":17,"minecraft:oak_stairs":10,"minecraft:azalea_leaves":24,"minecraft:stone":51,"minecraft:white_wool":20,"minecraft:deepslate_redstone_ore":13,"minecraft:glass_pane":1,"minecraft:spruce_door":2,"minecraft:clay":3,"minecraft:crafting_table":10,"minecraft:torch":7,"minecraft:poppy":1,"minecraft:calcite":4,"minecraft:chest":7,"minecraft:tall_grass":1,"minecraft:cobblestone":31,"minecraft:deepslate_gold_ore":30,"minecraft:grindstone":1,"minecraft:oak_planks":16,"minecraft:sugar_cane":2,"minecraft:blue_bed":4,"minecraft:wall_torch":14,"minecraft:amethyst_block":2,"minecraft:spruce_stairs":3,"minecraft:seagrass":1,"minecraft:purple_bed":3,"minecraft:cobblestone_wall":4,"minecraft:spruce_log":75,"minecraft:oak_log":34,"minecraft:coal_ore":22,"minecraft:gravel":8,"minecraft:sand":5,"minecraft:dirt":37,"minecraft:smooth_basalt":1,"minecraft:oak_leaves":12,"minecraft:deepslate":632},"minecraft:broken":{"minecraft:stone_axe":2,"minecraft:iron_pickaxe":1},"minecraft:dropped":{"minecraft:iron_ingot":25,"minecraft:bread":6,"minecraft:iron_sword":1,"minecraft:moss_block":2,"minecraft:wheat_seeds":3,"minecraft:diamond":22,"minecraft:iron_helmet":1,"minecraft:cobblestone":40,"minecraft:stick":193,"minecraft:torch":6,"minecraft:mutton":9,"minecraft:potion":1,"minecraft:iron_leggings":3,"minecraft:flowering_azalea":1,"minecraft:iron_axe":1,"minecraft:iron_pickaxe":2,"minecraft:dark_oak_planks":14,"minecraft:white_wool":2,"minecraft:bucket":1,"minecraft:redstone":97,"minecraft:spruce_sapling":2,"minecraft:smooth_basalt":1,"minecraft:gold_ingot":21,"minecraft:bone":2,"minecraft:furnace":1,"minecraft:cobbled_deepslate":133,"minecraft:bowl":2,"minecraft:tuff":38,"minecraft:raw_iron":2,"minecraft:rotten_flesh":3,"minecraft:iron_boots":3,"minecraft:clay_ball":8,"minecraft:oak_planks":40,"minecraft:cooked_mutton":1,"minecraft:poppy":7,"minecraft:shield":2,"minecraft:gunpowder":13,"minecraft:spruce_planks":1,"minecraft:diamond_pickaxe":1,"minecraft:iron_chestplate":3,"minecraft:spider_eye":1,"minecraft:spruce_log":62,"minecraft:bow":1,"minecraft:arrow":13,"minecraft:stone_pickaxe":1,"minecraft:raw_gold":10,"minecraft:calcite":1},"minecraft:custom":{"minecraft:interact_with_smithing_table":6,"minecraft:mob_kills":28,"minecraft:interact_with_crafting_table":54,"minecraft:bell_ring":9,"minecraft:leave_game":8,"minecraft:time_since_death":2222,"minecraft:climb_one_cm":176,"minecraft:sprint_one_cm":174339,"minecraft:walk_one_cm":363758,"minecraft:damage_blocked_by_shield":688,"minecraft:drop":110,"minecraft:talked_to_villager":13,"minecraft:play_time":184227,"minecraft:sneak_time":3102,"minecraft:deaths":8,"minecraft:walk_under_water_one_cm":23327,"minecraft:boat_one_cm":64695,"minecraft:jump":1803,"minecraft:interact_with_blast_furnace":5,"minecraft:walk_on_water_one_cm":27999,"minecraft:total_world_time":184227,"minecraft:interact_with_furnace":8,"minecraft:traded_with_villager":32,"minecraft:interact_with_stonecutter":1,"minecraft:sleep_in_bed":9,"minecraft:time_since_rest":2257,"minecraft:damage_taken":2656,"minecraft:damage_dealt":8968,"minecraft:player_kills":2,"minecraft:swim_one_cm":27751,"minecraft:fly_one_cm":168875,"minecraft:open_chest":94,"minecraft:crouch_one_cm":3521,"minecraft:interact_with_smoker":7,"minecraft:fall_one_cm":34792},"minecraft:used":{"minecraft:iron_shovel":11,"minecraft:tropical_fish":6,"minecraft:carved_pumpkin":1,"minecraft:spruce_slab":1,"minecraft:chest":8,"minecraft:spruce_planks":52,"minecraft:shield":12,"minecraft:iron_sword":74,"minecraft:torch":31,"minecraft:dirt":13,"minecraft:spruce_stairs":1,"minecraft:axolotl_bucket":1,"minecraft:iron_axe":17,"minecraft:bow":3,"minecraft:furnace":1,"minecraft:egg":5,"minecraft:cobbled_deepslate":21,"minecraft:calcite":3,"minecraft:cooked_mutton":7,"minecraft:water_bucket":7,"minecraft:amethyst_block":2,"minecraft:spruce_door":2,"minecraft:stone_pickaxe":131,"minecraft:wooden_pickaxe":8,"minecraft:blue_bed":4,"minecraft:diamond_axe":41,"minecraft:mossy_cobblestone":2,"minecraft:sand":3,"minecraft:crafting_table":10,"minecraft:white_bed":13,"minecraft:spruce_log":1,"minecraft:smoker":1,"minecraft:diamond_pickaxe":567,"minecraft:bread":4,"minecraft:iron_pickaxe":252,"minecraft:suspicious_stew":2,"minecraft:stone_axe":244,"minecraft:diamond_sword":13,"minecraft:purple_bed":2,"minecraft:cobblestone":12,"minecraft:smithing_table":1,"minecraft:bucket":8,"minecraft:oak_boat":1},"minecraft:picked_up":{"minecraft:iron_chestplate":2,"minecraft:crafting_table":13,"minecraft:clay_ball":8,"minecraft:suspicious_stew":2,"minecraft:wooden_pickaxe":1,"minecraft:oak_stairs":10,"minecraft:potion":1,"minecraft:shield":1,"minecraft:amethyst_block":2,"minecraft:string":1,"minecraft:iron_leggings":2,"minecraft:cobbled_deepslate":335,"minecraft:spruce_planks":130,"minecraft:calcite":4,"minecraft:azalea":4,"minecraft:poppy":14,"minecraft:iron_pickaxe":1,"minecraft:sugar_cane":2,"minecraft:chest":10,"minecraft:spruce_trapdoor":2,"minecraft:furnace":2,"minecraft:iron_boots":2,"minecraft:egg":5,"minecraft:stick":591,"minecraft:raw_iron":57,"minecraft:sandstone":10,"minecraft:torch":131,"minecraft:spruce_stairs":3,"minecraft:porkchop":3,"minecraft:redstone":96,"minecraft:arrow":21,"minecraft:rotten_flesh":3,"minecraft:tropical_fish":12,"minecraft:diamond_boots":1,"minecraft:hay_block":5,"minecraft:carved_pumpkin":6,"minecraft:gold_ingot":21,"minecraft:mutton":10,"minecraft:white_wool":46,"minecraft:cobblestone":116,"minecraft:fern":1,"minecraft:potato":3,"minecraft:tuff":38,"minecraft:oak_log":42,"minecraft:gunpowder":20,"minecraft:dirt":46,"minecraft:blue_bed":4,"minecraft:cooked_mutton":5,"minecraft:bone":6,"minecraft:apple":2,"minecraft:bow":2,"minecraft:wheat_seeds":4,"minecraft:raw_gold":49,"minecraft:iron_ingot":79,"minecraft:grindstone":1,"minecraft:stone_pickaxe":1,"minecraft:moss_block":2,"minecraft:oak_planks":33,"minecraft:flowering_azalea":2,"minecraft:smooth_basalt":1,"minecraft:axolotl_bucket":1,"minecraft:poisonous_potato":6,"minecraft:gravel":6,"minecraft:sand":3,"minecraft:spruce_sapling":6,"minecraft:white_bed":5,"minecraft:spruce_log":225,"minecraft:spruce_door":3,"minecraft:dark_oak_log":12,"minecraft:spider_eye":1,"minecraft:mossy_cobblestone":5,"minecraft:purple_bed":2,"minecraft:diamond":188,"minecraft:stone_axe":1,"minecraft:crossbow":1,"minecraft:gray_wool":1,"minecraft:bread":9,"minecraft:dark_oak_fence":9,"minecraft:coal":47}},"DataVersion":3700}