{"stats":{"minecraft:broken":{"minecraft:shears":1,"minecraft:shield":5,"minecraft:iron_pickaxe":1,"minecraft:stone_axe":2,"minecraft:flint_and_steel":1},"minecraft:killed":{"minecraft:cod":1,"minecraft:shulker":9,"minecraft:skeleton":13,"minecraft:chicken":5,"minecraft:magma_cube":1,"minecraft:salmon":2,"minecraft:iron_golem":24,"minecraft:pillager":85,"minecraft:zombie":18,"minecraft:evoker":8,"minecraft:vindicator":43,"minecraft:endermite":1,"minecraft:wandering_trader":1,"minecraft:ravager":9,"minecraft:enderman":5485,"minecraft:zombified_piglin":24,"minecraft:witch":13,"minecraft:spider":3,"minecraft:piglin_brute":2,"minecraft:piglin":6,"minecraft:pig":1,"minecraft:creeper":5,"minecraft:sheep":13,"minecraft:blaze":1,"minecraft:vex":2,"minecraft:wither_skeleton":1},"minecraft:custom":{"minecraft:interact_with_crafting_table":231,"minecraft:bell_ring":9,"minecraft:leave_game":62,"minecraft:time_since_death":1451,"minecraft:damage_blocked_by_shield":13068,"minecraft:play_time":1833537,"minecraft:deaths":184,"minecraft:jump":16985,"minecraft:enchant_item":1,"minecraft:interact_with_furnace":95,"minecraft:traded_with_villager":117,"minecraft:sleep_in_bed":91,"minecraft:damage_dealt":100929,"minecraft:interact_with_smoker":12,"minecraft:interact_with_smithing_table":25,"minecraft:interact_with_anvil":25,"minecraft:inspect_hopper":3,"minecraft:sneak_time":66100,"minecraft:interact_with_blast_furnace":18,"minecraft:total_world_time":1833537,"minecraft:interact_with_stonecutter":23,"minecraft:time_since_rest":1488,"minecraft:swim_one_cm":115313,"minecraft:fly_one_cm":3954514,"minecraft:open_chest":1227,"minecraft:fall_one_cm":10466719,"minecraft:open_shulker_box":179,"minecraft:sprint_one_cm":2393573,"minecraft:drop":593,"minecraft:talked_to_villager":641,"minecraft:walk_on_water_one_cm":202594,"minecraft:open_enderchest":76,"minecraft:player_kills":29,"minecraft:crouch_one_cm":79371,"minecraft:mob_kills":5789,"minecraft:interact_with_campfire":14,"minecraft:climb_one_cm":127473,"minecraft:walk_one_cm":4364677,"minecraft:raid_win":9,"minecraft:walk_under_water_one_cm":212414,"minecraft:boat_one_cm":171419,"minecraft:raid_trigger":3,"minecraft:pot_flower":1,"minecraft:interact_with_grindstone":1,"minecraft:damage_taken":1046939,"minecraft:damage_absorbed":174,"minecraft:trigger_trapped_chest":1,"minecraft:aviate_one_cm":15456258},"minecraft:used":{"minecraft:spruce_slab":22,"minecraft:ladder":54,"minecraft:elytra":266,"minecraft:chest":73,"minecraft:stone":24,"minecraft:spruce_boat":18,"minecraft:grass_block":2,"minecraft:netherite_boots":1,"minecraft:bow":148,"minecraft:sweet_berries":55,"minecraft:furnace":21,"minecraft:egg":10,"minecraft:potato":78,"minecraft:end_stone_bricks":14,"minecraft:spruce_door":3,"minecraft:chorus_fruit":1,"minecraft:blackstone":47,"minecraft:wooden_pickaxe":8,"minecraft:golden_apple":4,"minecraft:sand":559,"minecraft:blast_furnace":5,"minecraft:netherite_helmet":1,"minecraft:lectern":44,"minecraft:lilac":13,"minecraft:diamond_sword":848,"minecraft:smithing_table":1,"minecraft:dark_oak_fence":8,"minecraft:oak_boat":7,"minecraft:oak_trapdoor":17,"minecraft:carved_pumpkin":1,"minecraft:armor_stand":1,"minecraft:netherrack":46,"minecraft:torch":641,"minecraft:brewing_stand":1,"minecraft:anvil":4,"minecraft:yellow_carpet":4,"minecraft:iron_axe":19,"minecraft:jungle_log":6,"minecraft:totem_of_undying":1,"minecraft:bamboo":11,"minecraft:glowstone":255,"minecraft:cobbled_deepslate":33,"minecraft:calcite":3,"minecraft:wheat_seeds":2,"minecraft:water_bucket":117,"minecraft:polished_blackstone_bricks":3,"minecraft:mossy_cobblestone":2,"minecraft:crafting_table":23,"minecraft:red_bed":4,"minecraft:campfire":6,"minecraft:white_bed":27,"minecraft:cod":2,"minecraft:spruce_log":678,"minecraft:ender_eye":17,"minecraft:diamond_pickaxe":7308,"minecraft:diamond_shovel":1988,"minecraft:iron_pickaxe":252,"minecraft:suspicious_stew":2,"minecraft:purpur_slab":1,"minecraft:spruce_trapdoor":10,"minecraft:cobblestone":384,"minecraft:purple_bed":2,"minecraft:iron_shovel":16,"minecraft:shield":249,"minecraft:iron_sword":74,"minecraft:mutton":1,"minecraft:jungle_planks":59,"minecraft:carrot":2,"minecraft:axolotl_bucket":8,"minecraft:milk_bucket":1,"minecraft:glass":487,"minecraft:lantern":55,"minecraft:stone_bricks":35,"minecraft:item_frame":17,"minecraft:red_carpet":100,"minecraft:diamond_boots":1,"minecraft:stone_pickaxe":131,"minecraft:oak_planks":43,"minecraft:jungle_fence":42,"minecraft:ender_pearl":102,"minecraft:sugar_cane":27,"minecraft:diamond_axe":722,"minecraft:blue_bed":4,"minecraft:white_wool":27,"minecraft:netherite_leggings":1,"minecraft:crossbow":96,"minecraft:shears":235,"minecraft:firework_rocket":152,"minecraft:melon_slice":17,"minecraft:bread":33,"minecraft:string":5,"minecraft:netherite_sword":1388,"minecraft:flint_and_steel":156,"minecraft:tropical_fish":12,"minecraft:spruce_planks":826,"minecraft:ender_chest":20,"minecraft:cooked_chicken":2,"minecraft:oak_door":3,"minecraft:dirt":132,"minecraft:white_carpet":135,"minecraft:spruce_stairs":54,"minecraft:shulker_box":97,"minecraft:spruce_fence":44,"minecraft:bamboo_chest_raft":2,"minecraft:netherite_pickaxe":3054,"minecraft:cooked_beef":53,"minecraft:cooked_mutton":17,"minecraft:amethyst_block":2,"minecraft:cobblestone_stairs":226,"minecraft:netherite_chestplate":260,"minecraft:baked_potato":9,"minecraft:stonecutter":2,"minecraft:cobblestone_slab":135,"minecraft:smoker":1,"minecraft:flower_pot":2,"minecraft:apple":2,"minecraft:chicken":1,"minecraft:netherite_axe":1853,"minecraft:stone_axe":244,"minecraft:white_banner":15,"minecraft:bucket":126,"minecraft:smooth_stone":1},"minecraft:mined":{"minecraft:dark_oak_planks":3,"minecraft:white_bed":13,"minecraft:carved_pumpkin":6,"minecraft:chiseled_polished_blackstone":4,"minecraft:yellow_carpet":4,"minecraft:jungle_log":6,"minecraft:purpur_slab":1,"minecraft:nether_wart":24,"minecraft:spawner":1,"minecraft:polished_blackstone_bricks":74,"minecraft:tall_seagrass":7,"minecraft:magma_block":143,"minecraft:cobbled_deepslate":5,"minecraft:fire":37,"minecraft:deepslate_lapis_ore":3,"minecraft:water_cauldron":4,"minecraft:dirt_path":4,"minecraft:oak_stairs":11,"minecraft:white_banner":15,"minecraft:tripwire":3,"minecraft:red_bed":3,"minecraft:kelp_plant":86,"minecraft:torch":35,"minecraft:blast_furnace":5,"minecraft:melon":12,"minecraft:glass":311,"minecraft:sugar_cane":111,"minecraft:amethyst_block":2,"minecraft:wheat":5,"minecraft:lilac":25,"minecraft:potted_poppy":1,"minecraft:smooth_basalt":1,"minecraft:stonecutter":1,"minecraft:deepslate":637,"minecraft:mossy_cobblestone":5,"minecraft:dark_oak_log":6,"minecraft:shulker_box":100,"minecraft:end_stone":2,"minecraft:dark_oak_fence":19,"minecraft:spruce_fence":21,"minecraft:jungle_planks":21,"minecraft:crimson_roots":1,"minecraft:moss_block":2,"minecraft:kelp":13,"minecraft:andesite":1,"minecraft:potatoes":5,"minecraft:cobblestone_slab":62,"minecraft:potted_spruce_sapling":1,"minecraft:bamboo_sapling":2,"minecraft:bamboo":621,"minecraft:white_wool":32,"minecraft:ender_chest":20,"minecraft:glass_pane":1,"minecraft:soul_sand":7,"minecraft:dandelion":8,"minecraft:short_grass":138,"minecraft:campfire":7,"minecraft:tall_grass":11,"minecraft:deepslate_gold_ore":30,"minecraft:purple_bed":3,"minecraft:cobblestone_wall":19,"minecraft:white_carpet":79,"minecraft:spruce_log":739,"minecraft:birch_leaves":5,"minecraft:jungle_fence":12,"minecraft:gravel":10,"minecraft:cobweb":1,"minecraft:stone_bricks":1,"minecraft:fern":14,"minecraft:spruce_planks":515,"minecraft:farmland":1,"minecraft:cobblestone_stairs":31,"minecraft:brewing_stand":2,"minecraft:spruce_trapdoor":20,"minecraft:grass_block":92,"minecraft:cracked_polished_blackstone_bricks":35,"minecraft:composter":1,"minecraft:gilded_blackstone":1,"minecraft:smooth_stone":1,"minecraft:glowstone":164,"minecraft:iron_ore":2,"minecraft:dark_oak_stairs":1,"minecraft:flowering_azalea_leaves":17,"minecraft:azalea_leaves":24,"minecraft:end_stone_bricks":18,"minecraft:spruce_slab":14,"minecraft:deepslate_redstone_ore":13,"minecraft:blackstone":102,"minecraft:melon_stem":4,"minecraft:clay":3,"minecraft:calcite":4,"minecraft:poppy":18,"minecraft:chest":43,"minecraft:nether_quartz_ore":34,"minecraft:cobblestone":249,"minecraft:grindstone":1,"minecraft:oak_planks":88,"minecraft:wall_torch":52,"minecraft:seagrass":7,"minecraft:dark_oak_slab":1,"minecraft:birch_log":5,"minecraft:tnt":1,"minecraft:purpur_block":2,"minecraft:oak_log":88,"minecraft:beetroots":1,"minecraft:sand":1953,"minecraft:dirt":196,"minecraft:netherrack":7985,"minecraft:ancient_debris":2,"minecraft:oak_leaves":34,"minecraft:nether_gold_ore":17,"minecraft:red_carpet":38,"minecraft:tuff":41,"minecraft:deepslate_diamond_ore":54,"minecraft:oak_door":1,"minecraft:ladder":27,"minecraft:spruce_leaves":325,"minecraft:sandstone":11,"minecraft:large_fern":28,"minecraft:hay_block":18,"minecraft:oak_trapdoor":8,"minecraft:furnace":19,"minecraft:stripped_spruce_log":11,"minecraft:gold_block":3,"minecraft:deepslate_iron_ore":1,"minecraft:lantern":12,"minecraft:packed_ice":63,"minecraft:wet_sponge":1,"minecraft:chorus_plant":9,"minecraft:stone":231,"minecraft:magenta_stained_glass":2,"minecraft:basalt":26,"minecraft:spruce_door":3,"minecraft:crafting_table":20,"minecraft:lectern":44,"minecraft:polished_blackstone_brick_stairs":2,"minecraft:blue_bed":4,"minecraft:spruce_stairs":33,"minecraft:sweet_berry_bush":5,"minecraft:ice":11,"minecraft:white_wall_banner":1,"minecraft:coal_ore":22,"minecraft:end_rod":2,"minecraft:flower_pot":1,"minecraft:mossy_stone_bricks":3},"minecraft:killed_by":{"minecraft:piglin_brute":2,"minecraft:ravager":1,"minecraft:vindicator":12,"minecraft:zombie":3,"minecraft:vex":2,"minecraft:shulker":1,"minecraft:piglin":3,"minecraft:player":43,"minecraft:enderman":4,"minecraft:iron_golem":20},"minecraft:dropped":{"minecraft:iron_sword":2,"minecraft:lapis_lazuli":49,"minecraft:glass_bottle":4,"minecraft:diamond":65,"minecraft:crafting_table":3,"minecraft:dark_oak_slab":1,"minecraft:crossbow":8,"minecraft:saddle":2,"minecraft:sentry_armor_trim_smithing_template":1,"minecraft:red_carpet":9,"minecraft:item_frame":5,"minecraft:dirt":298,"minecraft:red_bed":1,"minecraft:dark_oak_fence":3,"minecraft:jungle_sapling":2,"minecraft:gold_nugget":6,"minecraft:sand":1729,"minecraft:sugar":5,"minecraft:iron_pickaxe":2,"minecraft:dark_oak_planks":14,"minecraft:white_wool":230,"minecraft:bone":92,"minecraft:sugar_cane":73,"minecraft:ancient_debris":2,"minecraft:cobbled_deepslate":189,"minecraft:wheat":3,"minecraft:rotten_flesh":10,"minecraft:oak_planks":93,"minecraft:glowstone_dust":4,"minecraft:spruce_slab":5,"minecraft:glass":379,"minecraft:lectern":4,"minecraft:egg":1,"minecraft:iron_ingot":628,"minecraft:netherite_pickaxe":2,"minecraft:wheat_seeds":9,"minecraft:clock":1,"minecraft:tnt":4,"minecraft:netherite_chestplate":1,"minecraft:iron_helmet":1,"minecraft:feather":1,"minecraft:cobblestone":321,"minecraft:spruce_door":2,"minecraft:yellow_carpet":9,"minecraft:coal":8,"minecraft:lava_bucket":1,"minecraft:diamond_helmet":1,"minecraft:potion":1,"minecraft:white_banner":36,"minecraft:string":305,"minecraft:spruce_sapling":7,"minecraft:furnace":12,"minecraft:netherite_ingot":2,"minecraft:smooth_stone_slab":12,"minecraft:bowl":2,"minecraft:diamond_hoe":1,"minecraft:chicken":2,"minecraft:clay_ball":8,"minecraft:iron_boots":3,"minecraft:spruce_fence":27,"minecraft:shears":2,"minecraft:diamond_sword":1,"minecraft:potato":28,"minecraft:cobblestone_slab":128,"minecraft:stone":19,"minecraft:spruce_planks":138,"minecraft:diamond_pickaxe":3,"minecraft:spider_eye":4,"minecraft:stone_bricks":1,"minecraft:bow":1,"minecraft:moss_block":2,"minecraft:diamond_axe":1,"minecraft:ender_pearl":21,"minecraft:netherite_upgrade_smithing_template":3,"minecraft:lantern":11,"minecraft:leather":1,"minecraft:spruce_leaves":256,"minecraft:netherite_scrap":117,"minecraft:mutton":14,"minecraft:wet_sponge":3,"minecraft:axolotl_bucket":1,"minecraft:polished_blackstone_bricks":5,"minecraft:gold_ingot":21,"minecraft:cauldron":4,"minecraft:diamond_shovel":1,"minecraft:cooked_mutton":1,"minecraft:poppy":21,"minecraft:gunpowder":13,"minecraft:glowstone":6,"minecraft:azalea":5,"minecraft:chest":1,"minecraft:arrow":14,"minecraft:scaffolding":36,"minecraft:netherrack":109,"minecraft:firework_rocket":4,"minecraft:water_bucket":1,"minecraft:bread":29,"minecraft:oak_slab":30,"minecraft:lilac":1,"minecraft:mossy_cobblestone":2,"minecraft:diamond_leggings":2,"minecraft:golden_axe":1,"minecraft:lead":5,"minecraft:tropical_fish":6,"minecraft:stick":309,"minecraft:brewing_stand":1,"minecraft:torch":151,"minecraft:melon_slice":1,"minecraft:iron_leggings":3,"minecraft:flowering_azalea":1,"minecraft:iron_axe":2,"minecraft:bucket":3,"minecraft:smooth_basalt":1,"minecraft:redstone":103,"minecraft:sweet_berries":2,"minecraft:kelp":16,"minecraft:nether_wart":11,"minecraft:tuff":38,"minecraft:raw_iron":2,"minecraft:ender_eye":12,"minecraft:totem_of_undying":2,"minecraft:shulker_box":1,"minecraft:shield":4,"minecraft:diamond_chestplate":2,"minecraft:iron_chestplate":3,"minecraft:mossy_stone_bricks":1,"minecraft:golden_sword":1,"minecraft:diamond_boots":1,"minecraft:spruce_log":164,"minecraft:stone_pickaxe":1,"minecraft:raw_gold":10,"minecraft:nether_quartz_ore":1,"minecraft:calcite":1},"minecraft:crafted":{"minecraft:smooth_stone":24,"minecraft:yellow_wool":7,"minecraft:diamond_shovel":2,"minecraft:cooked_mutton":8,"minecraft:glass":713,"minecraft:diamond_helmet":4,"minecraft:diamond_leggings":3,"minecraft:bamboo_raft":1,"minecraft:emerald":94,"minecraft:cooked_porkchop":3,"minecraft:diamond_axe":1,"minecraft:spruce_door":3,"minecraft:smithing_table":1,"minecraft:clock":1,"minecraft:sentry_armor_trim_smithing_template":6,"minecraft:iron_pickaxe":2,"minecraft:iron_block":12,"minecraft:gold_ingot":267,"minecraft:netherite_ingot":7,"minecraft:iron_nugget":99,"minecraft:diamond_hoe":2,"minecraft:spruce_fence":36,"minecraft:white_carpet":258,"minecraft:lantern":24,"minecraft:spruce_stairs":28,"minecraft:ladder":36,"minecraft:spruce_slab":96,"minecraft:stone_pickaxe":1,"minecraft:diamond_boots":3,"minecraft:spruce_boat":4,"minecraft:jungle_fence":30,"minecraft:dark_oak_planks":56,"minecraft:wheat":162,"minecraft:crossbow":4,"minecraft:red_bed":1,"minecraft:red_carpet":91,"minecraft:enchanted_book":2,"minecraft:golden_apple":2,"minecraft:iron_shovel":1,"minecraft:iron_leggings":1,"minecraft:white_bed":8,"minecraft:oak_planks":352,"minecraft:cobblestone_slab":8,"minecraft:cobblestone_stairs":17,"minecraft:stone":3,"minecraft:bamboo_block":348,"minecraft:bow":5,"minecraft:iron_boots":1,"minecraft:chest":22,"minecraft:polished_basalt":10,"minecraft:netherite_upgrade_smithing_template":22,"minecraft:ender_eye":12,"minecraft:stone_bricks":10,"minecraft:smoker":1,"minecraft:oak_slab":24,"minecraft:arrow":58,"minecraft:crafting_table":10,"minecraft:spruce_planks":3212,"minecraft:wooden_pickaxe":1,"minecraft:baked_potato":1,"minecraft:iron_helmet":1,"minecraft:iron_chestplate":1,"minecraft:diamond_pickaxe":4,"minecraft:yellow_dye":7,"minecraft:shield":6,"minecraft:stick":4869,"minecraft:iron_ingot":52,"minecraft:shears":1,"minecraft:oak_door":3,"minecraft:bamboo_chest_raft":1,"minecraft:netherite_sword":1,"minecraft:furnace":21,"minecraft:blast_furnace":6,"minecraft:oak_trapdoor":10,"minecraft:scaffolding":36,"minecraft:iron_axe":2,"minecraft:netherite_scrap":57,"minecraft:cooked_beef":8,"minecraft:red_dye":92,"minecraft:diamond_sword":1,"minecraft:yellow_carpet":9,"minecraft:cooked_salmon":1,"minecraft:bucket":3,"minecraft:stone_axe":3,"minecraft:bread":54,"minecraft:air":0,"minecraft:jungle_planks":380,"minecraft:oak_boat":2,"minecraft:white_wool":281,"minecraft:stonecutter":1,"minecraft:anvil":4,"minecraft:torch":44,"minecraft:diamond_chestplate":4},"minecraft:picked_up":{"minecraft:iron_chestplate":2,"minecraft:suspicious_stew":2,"minecraft:flower_pot":4,"minecraft:lead":14,"minecraft:diamond_sword":1,"minecraft:oak_stairs":10,"minecraft:enchanted_book":1,"minecraft:brewing_stand":2,"minecraft:golden_sword":1,"minecraft:amethyst_block":2,"minecraft:string":842,"minecraft:diamond_leggings":1,"minecraft:gold_nugget":33,"minecraft:cobbled_deepslate":343,"minecraft:spruce_planks":841,"minecraft:netherite_upgrade_smithing_template":6,"minecraft:melon_slice":18,"minecraft:bamboo_chest_raft":1,"minecraft:composter":2,"minecraft:golden_axe":1,"minecraft:golden_chestplate":2,"minecraft:cauldron":8,"minecraft:bamboo_block":134,"minecraft:tropical_fish":18,"minecraft:carved_pumpkin":6,"minecraft:glowstone":435,"minecraft:end_rod":2,"minecraft:netherite_chestplate":1,"minecraft:magma_block":4,"minecraft:feather":5,"minecraft:cooked_beef":51,"minecraft:water_bucket":2,"minecraft:jungle_log":36,"minecraft:brown_wool":1,"minecraft:lantern":82,"minecraft:stonecutter":1,"minecraft:glowstone_dust":122,"minecraft:moss_block":2,"minecraft:stripped_spruce_log":15,"minecraft:dark_oak_log":13,"minecraft:snout_armor_trim_smithing_template":1,"minecraft:bread":13,"minecraft:dark_oak_fence":26,"minecraft:diamond_pickaxe":3,"minecraft:spruce_leaves":384,"minecraft:crafting_table":24,"minecraft:nether_wart":89,"minecraft:clay_ball":8,"minecraft:purpur_block":2,"minecraft:red_bed":4,"minecraft:elytra":1,"minecraft:flint_and_steel":7,"minecraft:white_carpet":81,"minecraft:netherite_scrap":89,"minecraft:iron_shovel":1,"minecraft:netherite_sword":1,"minecraft:jungle_sapling":2,"minecraft:poppy":67,"minecraft:spruce_slab":107,"minecraft:chest":54,"minecraft:egg":18,"minecraft:sandstone":10,"minecraft:stone":105,"minecraft:spruce_fence":67,"minecraft:carrot":61,"minecraft:redstone":104,"minecraft:netherite_pickaxe":3,"minecraft:diamond_chestplate":1,"minecraft:beetroot_seeds":1,"minecraft:shears":3,"minecraft:diamond_boots":2,"minecraft:hay_block":17,"minecraft:purpur_slab":1,"minecraft:gold_ingot":39,"minecraft:totem_of_undying":11,"minecraft:mutton":21,"minecraft:white_wool":481,"minecraft:clock":1,"minecraft:fern":8,"minecraft:jungle_fence":12,"minecraft:oak_log":94,"minecraft:ancient_debris":2,"minecraft:blue_bed":4,"minecraft:white_banner":54,"minecraft:apple":3,"minecraft:stone_bricks":36,"minecraft:kelp":60,"minecraft:stone_pickaxe":1,"minecraft:glass_bottle":7,"minecraft:iron_sword":1,"minecraft:flowering_azalea":2,"minecraft:dark_oak_slab":1,"minecraft:smooth_basalt":1,"minecraft:sweet_berries":7,"minecraft:gravel":7,"minecraft:spruce_sapling":29,"minecraft:spruce_log":1147,"minecraft:firework_rocket":157,"minecraft:diamond_shovel":2,"minecraft:purple_bed":2,"minecraft:stone_axe":2,"minecraft:diamond_axe":1,"minecraft:gray_wool":1,"minecraft:baked_potato":8,"minecraft:ender_pearl":225,"minecraft:shulker_shell":5,"minecraft:wheat":1,"minecraft:ender_chest":20,"minecraft:yellow_wool":1,"minecraft:sentry_armor_trim_smithing_template":1,"minecraft:potion":1,"minecraft:gilded_blackstone":4,"minecraft:smooth_stone_slab":11,"minecraft:armor_stand":1,"minecraft:iron_leggings":2,"minecraft:netherite_ingot":13,"minecraft:smooth_stone":2,"minecraft:bucket":3,"minecraft:cobblestone_slab":264,"minecraft:ender_eye":17,"minecraft:calcite":4,"minecraft:azalea":9,"minecraft:iron_pickaxe":1,"minecraft:iron_boots":2,"minecraft:furnace":35,"minecraft:stick":642,"minecraft:torch":932,"minecraft:spruce_stairs":34,"minecraft:porkchop":6,"minecraft:rotten_flesh":35,"minecraft:chorus_flower":1,"minecraft:obsidian":8,"minecraft:cod":3,"minecraft:cobblestone":841,"minecraft:lilac":21,"minecraft:andesite":1,"minecraft:potato":266,"minecraft:tuff":38,"minecraft:dirt":436,"minecraft:lapis_lazuli":39,"minecraft:glass":1327,"minecraft:bone":74,"minecraft:bow":6,"minecraft:wheat_seeds":33,"minecraft:raw_gold":49,"minecraft:grindstone":1,"minecraft:mossy_stone_bricks":1,"minecraft:bamboo":5418,"minecraft:oak_planks":171,"minecraft:axolotl_bucket":2,"minecraft:poisonous_potato":6,"minecraft:sand":2973,"minecraft:jungle_planks":22,"minecraft:grass_block":17,"minecraft:spectral_arrow":30,"minecraft:shulker_box":102,"minecraft:mossy_cobblestone":6,"minecraft:sugar":5,"minecraft:yellow_carpet":31,"minecraft:diamond":473,"minecraft:spruce_boat":18,"minecraft:cracked_polished_blackstone_bricks":46,"minecraft:crossbow":29,"minecraft:bone_meal":1,"minecraft:golden_apple":1,"minecraft:emerald":136,"minecraft:oak_sapling":8,"minecraft:piglin_banner_pattern":2,"minecraft:netherrack":547,"minecraft:chorus_fruit":79,"minecraft:end_stone_bricks":14,"minecraft:charcoal":6,"minecraft:chicken":7,"minecraft:ladder":64,"minecraft:packed_ice":62,"minecraft:wooden_pickaxe":1,"minecraft:gold_block":21,"minecraft:chain":28,"minecraft:shield":4,"minecraft:oak_trapdoor":8,"minecraft:iron_axe":5,"minecraft:item_frame":22,"minecraft:blackstone":53,"minecraft:oak_boat":5,"minecraft:lectern":49,"minecraft:sugar_cane":223,"minecraft:spruce_trapdoor":20,"minecraft:raw_iron":57,"minecraft:polished_blackstone_bricks":13,"minecraft:iron_horse_armor":1,"minecraft:arrow":219,"minecraft:saddle":15,"minecraft:wet_sponge":3,"minecraft:basalt":46,"minecraft:salmon":1,"minecraft:leather":3,"minecraft:ice":22,"minecraft:gunpowder":30,"minecraft:cobblestone_wall":15,"minecraft:cobblestone_stairs":30,"minecraft:cooked_mutton":11,"minecraft:red_carpet":47,"minecraft:iron_ingot":287,"minecraft:cooked_chicken":2,"minecraft:book":15,"minecraft:oak_slab":6,"minecraft:nether_quartz_ore":1,"minecraft:bamboo_planks":6,"minecraft:quartz":38,"minecraft:dandelion":7,"minecraft:lava_bucket":1,"minecraft:blast_furnace":5,"minecraft:white_bed":20,"minecraft:spruce_door":6,"minecraft:spider_eye":11,"minecraft:campfire":3,"minecraft:netherite_hoe":1,"minecraft:coal":51}},"DataVersion":3700}