{"stats":{"minecraft:custom":{"minecraft:interact_with_crafting_table":141,"minecraft:open_shulker_box":112,"minecraft:bell_ring":9,"minecraft:leave_game":39,"minecraft:time_since_death":5605,"minecraft:sprint_one_cm":933053,"minecraft:damage_blocked_by_shield":10105,"minecraft:drop":415,"minecraft:talked_to_villager":626,"minecraft:play_time":975529,"minecraft:deaths":124,"minecraft:jump":8509,"minecraft:walk_on_water_one_cm":131398,"minecraft:enchant_item":1,"minecraft:interact_with_furnace":16,"minecraft:traded_with_villager":94,"minecraft:sleep_in_bed":50,"minecraft:open_enderchest":50,"minecraft:damage_dealt":49147,"minecraft:player_kills":21,"minecraft:crouch_one_cm":42548,"minecraft:interact_with_smoker":9,"minecraft:interact_with_smithing_table":25,"minecraft:interact_with_anvil":24,"minecraft:mob_kills":3080,"minecraft:inspect_hopper":2,"minecraft:interact_with_campfire":2,"minecraft:climb_one_cm":6258,"minecraft:walk_one_cm":2222779,"minecraft:sneak_time":40422,"minecraft:walk_under_water_one_cm":101582,"minecraft:boat_one_cm":171309,"minecraft:interact_with_blast_furnace":7,"minecraft:total_world_time":975529,"minecraft:interact_with_stonecutter":11,"minecraft:interact_with_grindstone":1,"minecraft:time_since_rest":5642,"minecraft:damage_absorbed":120,"minecraft:damage_taken":1026549,"minecraft:swim_one_cm":57804,"minecraft:fly_one_cm":1944031,"minecraft:open_chest":559,"minecraft:aviate_one_cm":11568701,"minecraft:fall_one_cm":10202555},"minecraft:used":{"minecraft:iron_shovel":16,"minecraft:spruce_slab":9,"minecraft:elytra":219,"minecraft:chest":36,"minecraft:shield":189,"minecraft:iron_sword":74,"minecraft:stone":24,"minecraft:jungle_planks":59,"minecraft:carrot":2,"minecraft:axolotl_bucket":8,"minecraft:spruce_boat":18,"minecraft:lantern":43,"minecraft:stone_bricks":35,"minecraft:netherite_boots":1,"minecraft:bow":82,"minecraft:furnace":1,"minecraft:egg":6,"minecraft:potato":9,"minecraft:end_stone_bricks":14,"minecraft:diamond_boots":1,"minecraft:spruce_door":2,"minecraft:chorus_fruit":1,"minecraft:oak_planks":39,"minecraft:stone_pickaxe":131,"minecraft:jungle_fence":42,"minecraft:blackstone":47,"minecraft:ender_pearl":7,"minecraft:wooden_pickaxe":8,"minecraft:sugar_cane":10,"minecraft:blue_bed":4,"minecraft:diamond_axe":722,"minecraft:golden_apple":3,"minecraft:sand":3,"minecraft:netherite_leggings":1,"minecraft:crossbow":1,"minecraft:netherite_helmet":1,"minecraft:shears":235,"minecraft:firework_rocket":102,"minecraft:bread":29,"minecraft:lectern":43,"minecraft:lilac":13,"minecraft:diamond_sword":848,"minecraft:smithing_table":1,"minecraft:oak_boat":7,"minecraft:netherite_sword":408,"minecraft:flint_and_steel":62,"minecraft:carved_pumpkin":1,"minecraft:tropical_fish":12,"minecraft:spruce_planks":291,"minecraft:ender_chest":14,"minecraft:cooked_chicken":2,"minecraft:netherrack":46,"minecraft:oak_door":3,"minecraft:torch":623,"minecraft:brewing_stand":1,"minecraft:dirt":82,"minecraft:anvil":4,"minecraft:spruce_stairs":3,"minecraft:shulker_box":64,"minecraft:iron_axe":17,"minecraft:bamboo":4,"minecraft:glowstone":211,"minecraft:bamboo_chest_raft":2,"minecraft:netherite_pickaxe":2525,"minecraft:cooked_beef":3,"minecraft:cobbled_deepslate":33,"minecraft:calcite":3,"minecraft:wheat_seeds":2,"minecraft:cooked_mutton":17,"minecraft:water_bucket":27,"minecraft:amethyst_block":2,"minecraft:netherite_chestplate":217,"minecraft:baked_potato":1,"minecraft:cobblestone_slab":101,"minecraft:polished_blackstone_bricks":3,"minecraft:mossy_cobblestone":2,"minecraft:crafting_table":15,"minecraft:white_bed":18,"minecraft:spruce_log":29,"minecraft:smoker":1,"minecraft:ender_eye":17,"minecraft:diamond_pickaxe":7308,"minecraft:apple":2,"minecraft:diamond_shovel":38,"minecraft:chicken":1,"minecraft:iron_pickaxe":252,"minecraft:netherite_axe":400,"minecraft:suspicious_stew":2,"minecraft:purpur_slab":1,"minecraft:spruce_trapdoor":8,"minecraft:stone_axe":244,"minecraft:cobblestone":366,"minecraft:purple_bed":2,"minecraft:bucket":35},"minecraft:dropped":{"minecraft:iron_sword":1,"minecraft:moss_block":2,"minecraft:diamond_axe":1,"minecraft:diamond":65,"minecraft:crafting_table":3,"minecraft:crossbow":4,"minecraft:netherite_upgrade_smithing_template":3,"minecraft:sentry_armor_trim_smithing_template":1,"minecraft:spruce_leaves":256,"minecraft:dirt":98,"minecraft:netherite_scrap":117,"minecraft:mutton":14,"minecraft:jungle_sapling":2,"minecraft:gold_nugget":6,"minecraft:axolotl_bucket":1,"minecraft:polished_blackstone_bricks":5,"minecraft:iron_pickaxe":2,"minecraft:dark_oak_planks":14,"minecraft:white_wool":7,"minecraft:bone":2,"minecraft:cauldron":4,"minecraft:gold_ingot":21,"minecraft:sugar_cane":16,"minecraft:ancient_debris":2,"minecraft:cobbled_deepslate":189,"minecraft:wheat":1,"minecraft:rotten_flesh":3,"minecraft:oak_planks":42,"minecraft:diamond_shovel":1,"minecraft:cooked_mutton":1,"minecraft:poppy":16,"minecraft:gunpowder":13,"minecraft:glowstone":6,"minecraft:azalea":5,"minecraft:arrow":14,"minecraft:netherrack":109,"minecraft:lectern":2,"minecraft:firework_rocket":4,"minecraft:egg":1,"minecraft:water_bucket":1,"minecraft:iron_ingot":129,"minecraft:bread":7,"minecraft:oak_slab":12,"minecraft:netherite_pickaxe":1,"minecraft:wheat_seeds":7,"minecraft:clock":1,"minecraft:lilac":1,"minecraft:mossy_cobblestone":2,"minecraft:diamond_leggings":2,"minecraft:golden_axe":1,"minecraft:iron_helmet":1,"minecraft:cobblestone":289,"minecraft:spruce_door":2,"minecraft:tropical_fish":6,"minecraft:stick":283,"minecraft:lava_bucket":1,"minecraft:brewing_stand":1,"minecraft:torch":6,"minecraft:diamond_helmet":1,"minecraft:potion":1,"minecraft:iron_leggings":3,"minecraft:flowering_azalea":1,"minecraft:iron_axe":1,"minecraft:bucket":3,"minecraft:spruce_sapling":6,"minecraft:redstone":97,"minecraft:smooth_basalt":1,"minecraft:furnace":1,"minecraft:sweet_berries":1,"minecraft:netherite_ingot":2,"minecraft:nether_wart":11,"minecraft:bowl":2,"minecraft:tuff":38,"minecraft:diamond_hoe":1,"minecraft:raw_iron":2,"minecraft:clay_ball":8,"minecraft:iron_boots":3,"minecraft:ender_eye":12,"minecraft:shulker_box":1,"minecraft:shears":2,"minecraft:diamond_sword":1,"minecraft:potato":2,"minecraft:cobblestone_slab":128,"minecraft:shield":4,"minecraft:diamond_chestplate":2,"minecraft:spruce_planks":71,"minecraft:iron_chestplate":3,"minecraft:diamond_pickaxe":3,"minecraft:mossy_stone_bricks":1,"minecraft:golden_sword":1,"minecraft:spider_eye":1,"minecraft:stone_bricks":1,"minecraft:spruce_log":76,"minecraft:diamond_boots":1,"minecraft:bow":1,"minecraft:stone_pickaxe":1,"minecraft:raw_gold":10,"minecraft:nether_quartz_ore":1,"minecraft:calcite":1},"minecraft:killed_by":{"minecraft:piglin_brute":2,"minecraft:piglin":3,"minecraft:zombie":1,"minecraft:player":32,"minecraft:enderman":2,"minecraft:iron_golem":20,"minecraft:shulker":1},"minecraft:crafted":{"minecraft:oak_planks":352,"minecraft:diamond_shovel":1,"minecraft:cooked_mutton":8,"minecraft:bow":5,"minecraft:diamond_helmet":4,"minecraft:diamond_leggings":3,"minecraft:iron_boots":1,"minecraft:chest":8,"minecraft:netherite_upgrade_smithing_template":22,"minecraft:stone_bricks":10,"minecraft:ender_eye":12,"minecraft:bamboo_raft":1,"minecraft:smoker":1,"minecraft:oak_slab":6,"minecraft:emerald":71,"minecraft:arrow":58,"minecraft:cooked_porkchop":3,"minecraft:diamond_axe":1,"minecraft:crafting_table":6,"minecraft:spruce_planks":2752,"minecraft:iron_helmet":1,"minecraft:wooden_pickaxe":1,"minecraft:baked_potato":1,"minecraft:smithing_table":1,"minecraft:clock":1,"minecraft:sentry_armor_trim_smithing_template":6,"minecraft:iron_chestplate":1,"minecraft:diamond_pickaxe":4,"minecraft:shield":5,"minecraft:stick":4724,"minecraft:iron_ingot":52,"minecraft:iron_pickaxe":2,"minecraft:iron_block":12,"minecraft:gold_ingot":87,"minecraft:netherite_ingot":7,"minecraft:shears":1,"minecraft:oak_door":3,"minecraft:bamboo_chest_raft":1,"minecraft:netherite_sword":1,"minecraft:iron_nugget":99,"minecraft:diamond_hoe":2,"minecraft:furnace":2,"minecraft:lantern":24,"minecraft:iron_axe":1,"minecraft:spruce_slab":54,"minecraft:stone_pickaxe":1,"minecraft:diamond_boots":3,"minecraft:spruce_boat":4,"minecraft:jungle_fence":30,"minecraft:netherite_scrap":57,"minecraft:dark_oak_planks":56,"minecraft:wheat":153,"minecraft:cooked_beef":8,"minecraft:diamond_sword":1,"minecraft:cooked_salmon":1,"minecraft:bucket":3,"minecraft:stone_axe":3,"minecraft:enchanted_book":2,"minecraft:bread":48,"minecraft:air":0,"minecraft:jungle_planks":256,"minecraft:oak_boat":2,"minecraft:golden_apple":2,"minecraft:iron_shovel":1,"minecraft:iron_leggings":1,"minecraft:anvil":4,"minecraft:white_bed":8,"minecraft:torch":44,"minecraft:diamond_chestplate":4},"minecraft:killed":{"minecraft:zombified_piglin":24,"minecraft:spider":1,"minecraft:shulker":9,"minecraft:skeleton":6,"minecraft:chicken":4,"minecraft:piglin_brute":2,"minecraft:magma_cube":1,"minecraft:piglin":6,"minecraft:salmon":2,"minecraft:iron_golem":23,"minecraft:creeper":2,"minecraft:sheep":11,"minecraft:pillager":1,"minecraft:zombie":4,"minecraft:blaze":1,"minecraft:wither_skeleton":1,"minecraft:enderman":2980},"minecraft:picked_up":{"minecraft:shulker_shell":5,"minecraft:iron_chestplate":2,"minecraft:wheat":1,"minecraft:ender_chest":15,"minecraft:suspicious_stew":2,"minecraft:sentry_armor_trim_smithing_template":1,"minecraft:diamond_sword":1,"minecraft:oak_stairs":10,"minecraft:potion":1,"minecraft:gilded_blackstone":1,"minecraft:brewing_stand":2,"minecraft:golden_sword":1,"minecraft:amethyst_block":2,"minecraft:string":189,"minecraft:iron_leggings":2,"minecraft:netherite_ingot":13,"minecraft:diamond_leggings":1,"minecraft:gold_nugget":33,"minecraft:cobbled_deepslate":343,"minecraft:bucket":1,"minecraft:spruce_planks":292,"minecraft:cobblestone_slab":176,"minecraft:calcite":4,"minecraft:ender_eye":17,"minecraft:azalea":9,"minecraft:netherite_upgrade_smithing_template":6,"minecraft:iron_pickaxe":1,"minecraft:iron_boots":2,"minecraft:furnace":2,"minecraft:bamboo_chest_raft":1,"minecraft:stick":621,"minecraft:torch":659,"minecraft:spruce_stairs":6,"minecraft:porkchop":3,"minecraft:golden_axe":1,"minecraft:golden_chestplate":2,"minecraft:cauldron":8,"minecraft:rotten_flesh":14,"minecraft:tropical_fish":18,"minecraft:chorus_flower":1,"minecraft:end_rod":2,"minecraft:carved_pumpkin":6,"minecraft:glowstone":335,"minecraft:cobblestone":783,"minecraft:magma_block":4,"minecraft:cooked_beef":5,"minecraft:feather":4,"minecraft:lilac":14,"minecraft:water_bucket":2,"minecraft:andesite":1,"minecraft:potato":6,"minecraft:tuff":38,"minecraft:lapis_lazuli":39,"minecraft:dirt":304,"minecraft:lantern":33,"minecraft:bone":7,"minecraft:bow":3,"minecraft:wheat_seeds":10,"minecraft:raw_gold":49,"minecraft:grindstone":1,"minecraft:mossy_stone_bricks":1,"minecraft:glowstone_dust":56,"minecraft:bamboo":2042,"minecraft:moss_block":2,"minecraft:oak_planks":83,"minecraft:axolotl_bucket":2,"minecraft:poisonous_potato":6,"minecraft:sand":3,"minecraft:jungle_planks":22,"minecraft:grass_block":1,"minecraft:spectral_arrow":20,"minecraft:dark_oak_log":12,"minecraft:shulker_box":68,"minecraft:mossy_cobblestone":6,"minecraft:snout_armor_trim_smithing_template":1,"minecraft:diamond":472,"minecraft:spruce_boat":16,"minecraft:cracked_polished_blackstone_bricks":46,"minecraft:crossbow":4,"minecraft:bone_meal":1,"minecraft:golden_apple":1,"minecraft:chorus_fruit":79,"minecraft:emerald":21,"minecraft:bread":10,"minecraft:piglin_banner_pattern":2,"minecraft:oak_sapling":8,"minecraft:netherrack":484,"minecraft:dark_oak_fence":9,"minecraft:diamond_pickaxe":3,"minecraft:end_stone_bricks":14,"minecraft:spruce_leaves":384,"minecraft:crafting_table":18,"minecraft:chicken":3,"minecraft:nether_wart":50,"minecraft:clay_ball":8,"minecraft:packed_ice":62,"minecraft:wooden_pickaxe":1,"minecraft:gold_block":2,"minecraft:chain":14,"minecraft:purpur_block":2,"minecraft:shield":2,"minecraft:elytra":1,"minecraft:flint_and_steel":1,"minecraft:netherite_scrap":89,"minecraft:iron_shovel":1,"minecraft:blackstone":50,"minecraft:oak_boat":5,"minecraft:jungle_sapling":2,"minecraft:poppy":42,"minecraft:spruce_slab":4,"minecraft:lectern":45,"minecraft:sugar_cane":98,"minecraft:chest":25,"minecraft:spruce_trapdoor":10,"minecraft:egg":7,"minecraft:raw_iron":57,"minecraft:sandstone":10,"minecraft:stone":67,"minecraft:polished_blackstone_bricks":13,"minecraft:carrot":61,"minecraft:redstone":96,"minecraft:netherite_pickaxe":2,"minecraft:iron_horse_armor":1,"minecraft:arrow":131,"minecraft:diamond_chestplate":1,"minecraft:beetroot_seeds":1,"minecraft:purpur_slab":1,"minecraft:shears":3,"minecraft:diamond_boots":2,"minecraft:hay_block":17,"minecraft:gold_ingot":38,"minecraft:mutton":20,"minecraft:white_wool":49,"minecraft:clock":1,"minecraft:basalt":23,"minecraft:salmon":1,"minecraft:fern":8,"minecraft:jungle_fence":12,"minecraft:ice":11,"minecraft:oak_log":94,"minecraft:ancient_debris":2,"minecraft:cobblestone_wall":15,"minecraft:gunpowder":20,"minecraft:blue_bed":4,"minecraft:cooked_mutton":11,"minecraft:apple":3,"minecraft:stone_bricks":36,"minecraft:kelp":44,"minecraft:iron_ingot":271,"minecraft:stone_pickaxe":1,"minecraft:cooked_chicken":2,"minecraft:iron_sword":1,"minecraft:flowering_azalea":2,"minecraft:book":1,"minecraft:oak_slab":6,"minecraft:smooth_basalt":1,"minecraft:nether_quartz_ore":1,"minecraft:bamboo_planks":6,"minecraft:quartz":38,"minecraft:gravel":7,"minecraft:lava_bucket":1,"minecraft:spruce_sapling":25,"minecraft:white_bed":10,"minecraft:spruce_log":509,"minecraft:spruce_door":4,"minecraft:spider_eye":1,"minecraft:firework_rocket":133,"minecraft:diamond_shovel":1,"minecraft:purple_bed":2,"minecraft:stone_axe":2,"minecraft:diamond_axe":1,"minecraft:gray_wool":1,"minecraft:netherite_hoe":1,"minecraft:coal":47,"minecraft:ender_pearl":84},"minecraft:mined":{"minecraft:spruce_planks":179,"minecraft:white_bed":8,"minecraft:brewing_stand":2,"minecraft:carved_pumpkin":6,"minecraft:spruce_trapdoor":11,"minecraft:chiseled_polished_blackstone":4,"minecraft:grass_block":52,"minecraft:cracked_polished_blackstone_bricks":35,"minecraft:purpur_slab":1,"minecraft:nether_wart":24,"minecraft:spawner":1,"minecraft:gilded_blackstone":1,"minecraft:polished_blackstone_bricks":74,"minecraft:tall_seagrass":5,"minecraft:magma_block":143,"minecraft:glowstone":154,"minecraft:iron_ore":2,"minecraft:cobbled_deepslate":5,"minecraft:fire":29,"minecraft:deepslate_lapis_ore":3,"minecraft:water_cauldron":4,"minecraft:flowering_azalea_leaves":17,"minecraft:dirt_path":4,"minecraft:oak_stairs":10,"minecraft:azalea_leaves":24,"minecraft:end_stone_bricks":18,"minecraft:spruce_slab":3,"minecraft:deepslate_redstone_ore":13,"minecraft:blackstone":102,"minecraft:kelp_plant":65,"minecraft:clay":3,"minecraft:torch":19,"minecraft:poppy":1,"minecraft:calcite":4,"minecraft:chest":22,"minecraft:nether_quartz_ore":34,"minecraft:cobblestone":247,"minecraft:oak_planks":27,"minecraft:grindstone":1,"minecraft:sugar_cane":66,"minecraft:wall_torch":51,"minecraft:amethyst_block":2,"minecraft:seagrass":3,"minecraft:birch_log":5,"minecraft:wheat":5,"minecraft:lilac":17,"minecraft:purpur_block":2,"minecraft:oak_log":86,"minecraft:beetroots":1,"minecraft:sand":5,"minecraft:dirt":152,"minecraft:smooth_basalt":1,"minecraft:ancient_debris":2,"minecraft:netherrack":7985,"minecraft:deepslate":637,"minecraft:oak_leaves":32,"minecraft:nether_gold_ore":17,"minecraft:tuff":41,"minecraft:mossy_cobblestone":5,"minecraft:deepslate_diamond_ore":54,"minecraft:oak_door":1,"minecraft:dark_oak_log":6,"minecraft:end_stone":2,"minecraft:shulker_box":67,"minecraft:dark_oak_fence":10,"minecraft:jungle_planks":21,"minecraft:crimson_roots":1,"minecraft:spruce_leaves":309,"minecraft:moss_block":2,"minecraft:kelp":5,"minecraft:sandstone":11,"minecraft:large_fern":20,"minecraft:hay_block":18,"minecraft:furnace":1,"minecraft:andesite":1,"minecraft:gold_block":3,"minecraft:potatoes":1,"minecraft:deepslate_iron_ore":1,"minecraft:cobblestone_slab":48,"minecraft:lantern":5,"minecraft:packed_ice":63,"minecraft:chorus_plant":9,"minecraft:bamboo":353,"minecraft:stone":177,"minecraft:white_wool":20,"minecraft:ender_chest":14,"minecraft:glass_pane":1,"minecraft:soul_sand":7,"minecraft:magenta_stained_glass":2,"minecraft:basalt":26,"minecraft:spruce_door":3,"minecraft:crafting_table":15,"minecraft:short_grass":11,"minecraft:lectern":43,"minecraft:tall_grass":11,"minecraft:deepslate_gold_ore":30,"minecraft:polished_blackstone_brick_stairs":2,"minecraft:blue_bed":4,"minecraft:spruce_stairs":7,"minecraft:purple_bed":3,"minecraft:cobblestone_wall":19,"minecraft:sweet_berry_bush":1,"minecraft:ice":11,"minecraft:spruce_log":373,"minecraft:birch_leaves":2,"minecraft:jungle_fence":12,"minecraft:coal_ore":22,"minecraft:end_rod":2,"minecraft:gravel":10,"minecraft:cobweb":1,"minecraft:stone_bricks":1,"minecraft:mossy_stone_bricks":3,"minecraft:fern":6},"minecraft:broken":{"minecraft:shears":1,"minecraft:stone_axe":2,"minecraft:flint_and_steel":1,"minecraft:shield":3,"minecraft:iron_pickaxe":1}},"DataVersion":3700}