{"stats":{"minecraft:broken":{"minecraft:shears":1,"minecraft:stone_axe":2,"minecraft:flint_and_steel":1,"minecraft:shield":4,"minecraft:iron_pickaxe":1},"minecraft:killed":{"minecraft:zombified_piglin":24,"minecraft:witch":2,"minecraft:spider":1,"minecraft:cod":1,"minecraft:shulker":9,"minecraft:skeleton":6,"minecraft:chicken":4,"minecraft:piglin_brute":2,"minecraft:magma_cube":1,"minecraft:piglin":6,"minecraft:salmon":2,"minecraft:iron_golem":24,"minecraft:creeper":2,"minecraft:sheep":11,"minecraft:pillager":15,"minecraft:zombie":5,"minecraft:blaze":1,"minecraft:vindicator":4,"minecraft:wither_skeleton":1,"minecraft:enderman":4688},"minecraft:custom":{"minecraft:interact_with_crafting_table":174,"minecraft:open_shulker_box":143,"minecraft:bell_ring":9,"minecraft:leave_game":46,"minecraft:time_since_death":19074,"minecraft:sprint_one_cm":1265797,"minecraft:damage_blocked_by_shield":10993,"minecraft:drop":468,"minecraft:talked_to_villager":634,"minecraft:play_time":1278462,"minecraft:deaths":141,"minecraft:jump":11357,"minecraft:enchant_item":1,"minecraft:walk_on_water_one_cm":167545,"minecraft:interact_with_furnace":17,"minecraft:traded_with_villager":94,"minecraft:sleep_in_bed":67,"minecraft:open_enderchest":59,"minecraft:damage_dealt":59134,"minecraft:player_kills":24,"minecraft:crouch_one_cm":65828,"minecraft:interact_with_smoker":10,"minecraft:interact_with_smithing_table":25,"minecraft:interact_with_anvil":24,"minecraft:mob_kills":4813,"minecraft:inspect_hopper":3,"minecraft:interact_with_campfire":2,"minecraft:climb_one_cm":31553,"minecraft:walk_one_cm":2986643,"minecraft:raid_win":1,"minecraft:sneak_time":58338,"minecraft:walk_under_water_one_cm":173242,"minecraft:boat_one_cm":171419,"minecraft:interact_with_blast_furnace":7,"minecraft:total_world_time":1278462,"minecraft:raid_trigger":1,"minecraft:interact_with_stonecutter":11,"minecraft:interact_with_grindstone":1,"minecraft:time_since_rest":3164,"minecraft:damage_absorbed":120,"minecraft:damage_taken":1030918,"minecraft:swim_one_cm":71657,"minecraft:fly_one_cm":2477063,"minecraft:open_chest":693,"minecraft:aviate_one_cm":13682229,"minecraft:fall_one_cm":10286717},"minecraft:used":{"minecraft:iron_shovel":16,"minecraft:spruce_slab":21,"minecraft:ladder":27,"minecraft:elytra":228,"minecraft:shield":201,"minecraft:chest":44,"minecraft:iron_sword":74,"minecraft:stone":24,"minecraft:jungle_planks":59,"minecraft:carrot":2,"minecraft:axolotl_bucket":8,"minecraft:milk_bucket":1,"minecraft:spruce_boat":18,"minecraft:glass":45,"minecraft:lantern":49,"minecraft:stone_bricks":35,"minecraft:netherite_boots":1,"minecraft:bow":96,"minecraft:sweet_berries":4,"minecraft:furnace":5,"minecraft:egg":8,"minecraft:potato":26,"minecraft:diamond_boots":1,"minecraft:end_stone_bricks":14,"minecraft:spruce_door":3,"minecraft:oak_planks":43,"minecraft:stone_pickaxe":131,"minecraft:chorus_fruit":1,"minecraft:jungle_fence":42,"minecraft:blackstone":47,"minecraft:ender_pearl":7,"minecraft:wooden_pickaxe":8,"minecraft:sugar_cane":22,"minecraft:diamond_axe":722,"minecraft:blue_bed":4,"minecraft:golden_apple":3,"minecraft:sand":559,"minecraft:netherite_leggings":1,"minecraft:crossbow":2,"minecraft:netherite_helmet":1,"minecraft:shears":235,"minecraft:firework_rocket":147,"minecraft:string":5,"minecraft:bread":33,"minecraft:lectern":43,"minecraft:lilac":13,"minecraft:diamond_sword":848,"minecraft:dark_oak_fence":5,"minecraft:smithing_table":1,"minecraft:oak_boat":7,"minecraft:netherite_sword":775,"minecraft:flint_and_steel":98,"minecraft:carved_pumpkin":1,"minecraft:tropical_fish":12,"minecraft:spruce_planks":825,"minecraft:ender_chest":19,"minecraft:cooked_chicken":2,"minecraft:netherrack":46,"minecraft:oak_door":3,"minecraft:torch":641,"minecraft:brewing_stand":1,"minecraft:dirt":131,"minecraft:anvil":4,"minecraft:spruce_stairs":54,"minecraft:shulker_box":84,"minecraft:spruce_fence":39,"minecraft:iron_axe":17,"minecraft:jungle_log":6,"minecraft:bamboo":11,"minecraft:glowstone":248,"minecraft:bamboo_chest_raft":2,"minecraft:netherite_pickaxe":2694,"minecraft:cooked_beef":13,"minecraft:cobbled_deepslate":33,"minecraft:calcite":3,"minecraft:wheat_seeds":2,"minecraft:cooked_mutton":17,"minecraft:water_bucket":27,"minecraft:amethyst_block":2,"minecraft:netherite_chestplate":223,"minecraft:baked_potato":1,"minecraft:cobblestone_slab":102,"minecraft:polished_blackstone_bricks":3,"minecraft:mossy_cobblestone":2,"minecraft:crafting_table":22,"minecraft:white_bed":24,"minecraft:cod":1,"minecraft:spruce_log":346,"minecraft:smoker":1,"minecraft:ender_eye":17,"minecraft:diamond_pickaxe":7308,"minecraft:apple":2,"minecraft:diamond_shovel":1988,"minecraft:chicken":1,"minecraft:iron_pickaxe":252,"minecraft:netherite_axe":1389,"minecraft:suspicious_stew":2,"minecraft:purpur_slab":1,"minecraft:spruce_trapdoor":10,"minecraft:stone_axe":244,"minecraft:cobblestone":384,"minecraft:purple_bed":2,"minecraft:bucket":35},"minecraft:mined":{"minecraft:dark_oak_planks":3,"minecraft:spruce_planks":513,"minecraft:white_bed":9,"minecraft:farmland":1,"minecraft:brewing_stand":2,"minecraft:spruce_trapdoor":20,"minecraft:carved_pumpkin":6,"minecraft:chiseled_polished_blackstone":4,"minecraft:grass_block":61,"minecraft:jungle_log":6,"minecraft:cracked_polished_blackstone_bricks":35,"minecraft:purpur_slab":1,"minecraft:composter":1,"minecraft:nether_wart":24,"minecraft:spawner":1,"minecraft:gilded_blackstone":1,"minecraft:polished_blackstone_bricks":74,"minecraft:tall_seagrass":7,"minecraft:magma_block":143,"minecraft:glowstone":163,"minecraft:iron_ore":2,"minecraft:fire":36,"minecraft:cobbled_deepslate":5,"minecraft:deepslate_lapis_ore":3,"minecraft:dark_oak_stairs":1,"minecraft:water_cauldron":4,"minecraft:flowering_azalea_leaves":17,"minecraft:dirt_path":4,"minecraft:oak_stairs":11,"minecraft:azalea_leaves":24,"minecraft:end_stone_bricks":18,"minecraft:spruce_slab":13,"minecraft:tripwire":3,"minecraft:deepslate_redstone_ore":13,"minecraft:blackstone":102,"minecraft:kelp_plant":85,"minecraft:clay":3,"minecraft:torch":34,"minecraft:poppy":1,"minecraft:calcite":4,"minecraft:chest":23,"minecraft:glass":139,"minecraft:nether_quartz_ore":34,"minecraft:cobblestone":249,"minecraft:oak_planks":88,"minecraft:grindstone":1,"minecraft:sugar_cane":80,"minecraft:wall_torch":52,"minecraft:amethyst_block":2,"minecraft:seagrass":7,"minecraft:dark_oak_slab":1,"minecraft:birch_log":5,"minecraft:wheat":5,"minecraft:lilac":19,"minecraft:purpur_block":2,"minecraft:oak_log":86,"minecraft:beetroots":1,"minecraft:sand":1953,"minecraft:dirt":187,"minecraft:smooth_basalt":1,"minecraft:ancient_debris":2,"minecraft:netherrack":7985,"minecraft:deepslate":637,"minecraft:oak_leaves":32,"minecraft:nether_gold_ore":17,"minecraft:tuff":41,"minecraft:mossy_cobblestone":5,"minecraft:deepslate_diamond_ore":54,"minecraft:oak_door":1,"minecraft:dark_oak_log":6,"minecraft:end_stone":2,"minecraft:shulker_box":86,"minecraft:ladder":17,"minecraft:dark_oak_fence":16,"minecraft:spruce_fence":10,"minecraft:jungle_planks":21,"minecraft:crimson_roots":1,"minecraft:spruce_leaves":321,"minecraft:moss_block":2,"minecraft:kelp":13,"minecraft:sandstone":11,"minecraft:large_fern":26,"minecraft:hay_block":18,"minecraft:furnace":2,"minecraft:andesite":1,"minecraft:stripped_spruce_log":10,"minecraft:gold_block":3,"minecraft:potatoes":5,"minecraft:deepslate_iron_ore":1,"minecraft:cobblestone_slab":48,"minecraft:lantern":7,"minecraft:packed_ice":63,"minecraft:wet_sponge":1,"minecraft:bamboo_sapling":2,"minecraft:chorus_plant":9,"minecraft:bamboo":621,"minecraft:stone":177,"minecraft:white_wool":20,"minecraft:ender_chest":19,"minecraft:glass_pane":1,"minecraft:soul_sand":7,"minecraft:magenta_stained_glass":2,"minecraft:basalt":26,"minecraft:spruce_door":3,"minecraft:crafting_table":19,"minecraft:short_grass":133,"minecraft:lectern":43,"minecraft:tall_grass":11,"minecraft:deepslate_gold_ore":30,"minecraft:polished_blackstone_brick_stairs":2,"minecraft:blue_bed":4,"minecraft:spruce_stairs":29,"minecraft:purple_bed":3,"minecraft:cobblestone_wall":19,"minecraft:sweet_berry_bush":2,"minecraft:ice":11,"minecraft:spruce_log":529,"minecraft:birch_leaves":5,"minecraft:jungle_fence":12,"minecraft:coal_ore":22,"minecraft:end_rod":2,"minecraft:gravel":10,"minecraft:cobweb":1,"minecraft:stone_bricks":1,"minecraft:mossy_stone_bricks":3,"minecraft:fern":8},"minecraft:killed_by":{"minecraft:piglin_brute":2,"minecraft:piglin":3,"minecraft:zombie":1,"minecraft:player":37,"minecraft:enderman":4,"minecraft:iron_golem":20,"minecraft:shulker":1},"minecraft:dropped":{"minecraft:iron_sword":2,"minecraft:moss_block":2,"minecraft:diamond_axe":1,"minecraft:ender_pearl":20,"minecraft:diamond":65,"minecraft:crafting_table":3,"minecraft:netherite_upgrade_smithing_template":3,"minecraft:dark_oak_slab":1,"minecraft:crossbow":4,"minecraft:lantern":1,"minecraft:sentry_armor_trim_smithing_template":1,"minecraft:spruce_leaves":256,"minecraft:dirt":280,"minecraft:netherite_scrap":117,"minecraft:dark_oak_fence":3,"minecraft:mutton":14,"minecraft:jungle_sapling":2,"minecraft:gold_nugget":6,"minecraft:wet_sponge":3,"minecraft:axolotl_bucket":1,"minecraft:polished_blackstone_bricks":5,"minecraft:sand":1600,"minecraft:iron_pickaxe":2,"minecraft:dark_oak_planks":14,"minecraft:white_wool":7,"minecraft:bone":2,"minecraft:gold_ingot":21,"minecraft:cauldron":4,"minecraft:sugar_cane":16,"minecraft:ancient_debris":2,"minecraft:cobbled_deepslate":189,"minecraft:wheat":1,"minecraft:rotten_flesh":3,"minecraft:oak_planks":84,"minecraft:diamond_shovel":1,"minecraft:cooked_mutton":1,"minecraft:poppy":16,"minecraft:gunpowder":13,"minecraft:glowstone":6,"minecraft:azalea":5,"minecraft:arrow":14,"minecraft:glass":84,"minecraft:netherrack":109,"minecraft:lectern":2,"minecraft:firework_rocket":4,"minecraft:egg":1,"minecraft:water_bucket":1,"minecraft:iron_ingot":133,"minecraft:bread":26,"minecraft:oak_slab":12,"minecraft:netherite_pickaxe":1,"minecraft:wheat_seeds":7,"minecraft:clock":1,"minecraft:lilac":1,"minecraft:tnt":4,"minecraft:mossy_cobblestone":2,"minecraft:diamond_leggings":2,"minecraft:golden_axe":1,"minecraft:iron_helmet":1,"minecraft:cobblestone":289,"minecraft:spruce_door":2,"minecraft:tropical_fish":6,"minecraft:stick":283,"minecraft:lava_bucket":1,"minecraft:brewing_stand":1,"minecraft:torch":6,"minecraft:diamond_helmet":1,"minecraft:potion":1,"minecraft:iron_leggings":3,"minecraft:flowering_azalea":1,"minecraft:iron_axe":1,"minecraft:bucket":3,"minecraft:spruce_sapling":6,"minecraft:redstone":97,"minecraft:smooth_basalt":1,"minecraft:furnace":1,"minecraft:kelp":16,"minecraft:sweet_berries":1,"minecraft:netherite_ingot":2,"minecraft:nether_wart":11,"minecraft:bowl":2,"minecraft:tuff":38,"minecraft:diamond_hoe":1,"minecraft:raw_iron":2,"minecraft:clay_ball":8,"minecraft:iron_boots":3,"minecraft:ender_eye":12,"minecraft:spruce_fence":27,"minecraft:shulker_box":1,"minecraft:shears":2,"minecraft:diamond_sword":1,"minecraft:potato":2,"minecraft:cobblestone_slab":128,"minecraft:shield":4,"minecraft:diamond_chestplate":2,"minecraft:spruce_planks":75,"minecraft:diamond_pickaxe":3,"minecraft:iron_chestplate":3,"minecraft:mossy_stone_bricks":1,"minecraft:golden_sword":1,"minecraft:spider_eye":1,"minecraft:stone_bricks":1,"minecraft:spruce_log":100,"minecraft:diamond_boots":1,"minecraft:bow":1,"minecraft:stone_pickaxe":1,"minecraft:raw_gold":10,"minecraft:nether_quartz_ore":1,"minecraft:calcite":1},"minecraft:crafted":{"minecraft:oak_planks":352,"minecraft:diamond_shovel":2,"minecraft:cooked_mutton":8,"minecraft:bamboo_block":156,"minecraft:bow":5,"minecraft:diamond_helmet":4,"minecraft:diamond_leggings":3,"minecraft:iron_boots":1,"minecraft:chest":12,"minecraft:netherite_upgrade_smithing_template":22,"minecraft:stone_bricks":10,"minecraft:ender_eye":12,"minecraft:bamboo_raft":1,"minecraft:smoker":1,"minecraft:oak_slab":6,"minecraft:emerald":71,"minecraft:arrow":58,"minecraft:cooked_porkchop":3,"minecraft:diamond_axe":1,"minecraft:crafting_table":9,"minecraft:spruce_planks":3208,"minecraft:iron_helmet":1,"minecraft:wooden_pickaxe":1,"minecraft:baked_potato":1,"minecraft:spruce_door":3,"minecraft:smithing_table":1,"minecraft:clock":1,"minecraft:sentry_armor_trim_smithing_template":6,"minecraft:iron_chestplate":1,"minecraft:diamond_pickaxe":4,"minecraft:shield":6,"minecraft:stick":4821,"minecraft:iron_ingot":52,"minecraft:iron_pickaxe":2,"minecraft:iron_block":12,"minecraft:gold_ingot":87,"minecraft:netherite_ingot":7,"minecraft:shears":1,"minecraft:oak_door":3,"minecraft:bamboo_chest_raft":1,"minecraft:netherite_sword":1,"minecraft:iron_nugget":99,"minecraft:diamond_hoe":2,"minecraft:furnace":6,"minecraft:spruce_fence":36,"minecraft:lantern":24,"minecraft:spruce_stairs":28,"minecraft:iron_axe":2,"minecraft:ladder":24,"minecraft:spruce_slab":84,"minecraft:stone_pickaxe":1,"minecraft:diamond_boots":3,"minecraft:spruce_boat":4,"minecraft:jungle_fence":30,"minecraft:netherite_scrap":57,"minecraft:dark_oak_planks":56,"minecraft:wheat":153,"minecraft:cooked_beef":8,"minecraft:diamond_sword":1,"minecraft:cooked_salmon":1,"minecraft:bucket":3,"minecraft:stone_axe":3,"minecraft:enchanted_book":2,"minecraft:bread":48,"minecraft:air":0,"minecraft:jungle_planks":256,"minecraft:oak_boat":2,"minecraft:golden_apple":2,"minecraft:iron_shovel":1,"minecraft:iron_leggings":1,"minecraft:anvil":4,"minecraft:white_bed":8,"minecraft:torch":44,"minecraft:diamond_chestplate":4},"minecraft:picked_up":{"minecraft:shulker_shell":5,"minecraft:iron_chestplate":2,"minecraft:wheat":1,"minecraft:ender_chest":20,"minecraft:suspicious_stew":2,"minecraft:sentry_armor_trim_smithing_template":1,"minecraft:diamond_sword":1,"minecraft:oak_stairs":10,"minecraft:potion":1,"minecraft:gilded_blackstone":1,"minecraft:brewing_stand":2,"minecraft:golden_sword":1,"minecraft:amethyst_block":2,"minecraft:string":200,"minecraft:iron_leggings":2,"minecraft:netherite_ingot":13,"minecraft:diamond_leggings":1,"minecraft:gold_nugget":33,"minecraft:cobbled_deepslate":343,"minecraft:bucket":1,"minecraft:spruce_planks":615,"minecraft:cobblestone_slab":176,"minecraft:calcite":4,"minecraft:ender_eye":17,"minecraft:azalea":9,"minecraft:netherite_upgrade_smithing_template":6,"minecraft:iron_pickaxe":1,"minecraft:iron_boots":2,"minecraft:furnace":7,"minecraft:bamboo_chest_raft":1,"minecraft:stick":622,"minecraft:composter":1,"minecraft:torch":672,"minecraft:spruce_stairs":30,"minecraft:porkchop":3,"minecraft:golden_axe":1,"minecraft:golden_chestplate":2,"minecraft:cauldron":8,"minecraft:rotten_flesh":15,"minecraft:tropical_fish":18,"minecraft:carved_pumpkin":6,"minecraft:glowstone":344,"minecraft:end_rod":2,"minecraft:chorus_flower":1,"minecraft:cod":2,"minecraft:cobblestone":786,"minecraft:magma_block":4,"minecraft:cooked_beef":11,"minecraft:feather":4,"minecraft:lilac":15,"minecraft:water_bucket":2,"minecraft:andesite":1,"minecraft:jungle_log":5,"minecraft:potato":96,"minecraft:tuff":38,"minecraft:lapis_lazuli":39,"minecraft:dirt":423,"minecraft:lantern":36,"minecraft:glass":145,"minecraft:bone":7,"minecraft:bow":3,"minecraft:wheat_seeds":30,"minecraft:raw_gold":49,"minecraft:grindstone":1,"minecraft:mossy_stone_bricks":1,"minecraft:glowstone_dust":56,"minecraft:bamboo":5415,"minecraft:moss_block":2,"minecraft:oak_planks":171,"minecraft:axolotl_bucket":2,"minecraft:poisonous_potato":6,"minecraft:sand":2158,"minecraft:jungle_planks":22,"minecraft:stripped_spruce_log":7,"minecraft:grass_block":1,"minecraft:spectral_arrow":20,"minecraft:dark_oak_log":13,"minecraft:shulker_box":87,"minecraft:mossy_cobblestone":6,"minecraft:snout_armor_trim_smithing_template":1,"minecraft:diamond":472,"minecraft:spruce_boat":17,"minecraft:cracked_polished_blackstone_bricks":46,"minecraft:crossbow":6,"minecraft:bone_meal":1,"minecraft:golden_apple":1,"minecraft:emerald":23,"minecraft:bread":10,"minecraft:piglin_banner_pattern":2,"minecraft:oak_sapling":8,"minecraft:netherrack":484,"minecraft:chorus_fruit":79,"minecraft:dark_oak_fence":20,"minecraft:diamond_pickaxe":3,"minecraft:end_stone_bricks":14,"minecraft:spruce_leaves":384,"minecraft:crafting_table":23,"minecraft:ladder":16,"minecraft:chicken":3,"minecraft:nether_wart":50,"minecraft:clay_ball":8,"minecraft:packed_ice":62,"minecraft:wooden_pickaxe":1,"minecraft:gold_block":2,"minecraft:chain":14,"minecraft:purpur_block":2,"minecraft:shield":2,"minecraft:elytra":1,"minecraft:flint_and_steel":5,"minecraft:netherite_scrap":89,"minecraft:iron_shovel":1,"minecraft:blackstone":50,"minecraft:oak_boat":5,"minecraft:jungle_sapling":2,"minecraft:poppy":44,"minecraft:spruce_slab":15,"minecraft:lectern":45,"minecraft:sugar_cane":121,"minecraft:chest":29,"minecraft:spruce_trapdoor":20,"minecraft:egg":10,"minecraft:raw_iron":57,"minecraft:sandstone":10,"minecraft:stone":67,"minecraft:spruce_fence":45,"minecraft:polished_blackstone_bricks":13,"minecraft:carrot":61,"minecraft:redstone":97,"minecraft:netherite_pickaxe":2,"minecraft:iron_horse_armor":1,"minecraft:arrow":132,"minecraft:diamond_chestplate":1,"minecraft:beetroot_seeds":1,"minecraft:shears":3,"minecraft:diamond_boots":2,"minecraft:purpur_slab":1,"minecraft:hay_block":17,"minecraft:gold_ingot":38,"minecraft:mutton":20,"minecraft:white_wool":49,"minecraft:wet_sponge":3,"minecraft:clock":1,"minecraft:basalt":23,"minecraft:salmon":1,"minecraft:fern":8,"minecraft:jungle_fence":12,"minecraft:ice":11,"minecraft:oak_log":94,"minecraft:ancient_debris":2,"minecraft:cobblestone_wall":15,"minecraft:gunpowder":20,"minecraft:blue_bed":4,"minecraft:white_banner":2,"minecraft:cooked_mutton":11,"minecraft:apple":3,"minecraft:stone_bricks":36,"minecraft:kelp":60,"minecraft:iron_ingot":279,"minecraft:stone_pickaxe":1,"minecraft:cooked_chicken":2,"minecraft:glass_bottle":1,"minecraft:iron_sword":1,"minecraft:flowering_azalea":2,"minecraft:book":2,"minecraft:oak_slab":6,"minecraft:nether_quartz_ore":1,"minecraft:smooth_basalt":1,"minecraft:dark_oak_slab":1,"minecraft:bamboo_planks":6,"minecraft:sweet_berries":3,"minecraft:quartz":38,"minecraft:gravel":7,"minecraft:lava_bucket":1,"minecraft:spruce_sapling":26,"minecraft:white_bed":16,"minecraft:spruce_log":637,"minecraft:spruce_door":5,"minecraft:spider_eye":1,"minecraft:firework_rocket":151,"minecraft:diamond_shovel":1,"minecraft:purple_bed":2,"minecraft:stone_axe":2,"minecraft:diamond_axe":1,"minecraft:gray_wool":1,"minecraft:netherite_hoe":1,"minecraft:coal":47,"minecraft:ender_pearl":133}},"DataVersion":3700}