{"stats":{"minecraft:killed_by":{"minecraft:iron_golem":9,"minecraft:player":21},"minecraft:crafted":{"minecraft:diamond_sword":1,"minecraft:iron_boots":1,"minecraft:iron_chestplate":1,"minecraft:shield":2,"minecraft:spruce_planks":12,"minecraft:stick":4,"minecraft:iron_pickaxe":1,"minecraft:iron_sword":1,"minecraft:bucket":1},"minecraft:mined":{"minecraft:large_fern":1,"minecraft:white_bed":5,"minecraft:kelp_plant":2,"minecraft:spruce_log":3,"minecraft:short_grass":2,"minecraft:grass_block":4,"minecraft:poppy":2,"minecraft:crimson_roots":1,"minecraft:dirt":1,"minecraft:netherrack":2},"minecraft:broken":{"minecraft:diamond_helmet":1,"minecraft:iron_boots":1},"minecraft:dropped":{"minecraft:iron_ingot":66,"minecraft:oak_planks":64,"minecraft:name_tag":1,"minecraft:white_bed":1},"minecraft:custom":{"minecraft:time_since_rest":3819,"minecraft:interact_with_smithing_table":1,"minecraft:interact_with_furnace":2,"minecraft:sprint_one_cm":86665,"minecraft:damage_taken":101020,"minecraft:walk_one_cm":211145,"minecraft:damage_blocked_by_shield":683,"minecraft:interact_with_anvil":4,"minecraft:drop":5,"minecraft:damage_dealt":5963,"minecraft:talked_to_villager":1,"minecraft:swim_one_cm":19108,"minecraft:interact_with_crafting_table":10,"minecraft:player_kills":13,"minecraft:fly_one_cm":74702,"minecraft:open_chest":70,"minecraft:crouch_one_cm":1952,"minecraft:play_time":81740,"minecraft:deaths":50,"minecraft:sneak_time":2509,"minecraft:walk_under_water_one_cm":21445,"minecraft:jump":991,"minecraft:leave_game":1,"minecraft:interact_with_grindstone":1,"minecraft:interact_with_blast_furnace":1,"minecraft:time_since_death":3793,"minecraft:walk_on_water_one_cm":12610,"minecraft:sleep_in_bed":9,"minecraft:total_world_time":81740,"minecraft:interact_with_smoker":4,"minecraft:fall_one_cm":920658},"minecraft:picked_up":{"minecraft:cooked_beef":3,"minecraft:oak_door":1,"minecraft:lead":6,"minecraft:diorite":4,"minecraft:white_bed":5,"minecraft:spruce_log":3,"minecraft:shield":2,"minecraft:dirt":2,"minecraft:name_tag":2,"minecraft:experience_bottle":1,"minecraft:bone":1,"minecraft:rotten_flesh":2,"minecraft:diamond_leggings":1,"minecraft:spruce_planks":1,"minecraft:iron_ingot":90,"minecraft:granite":6,"minecraft:poppy":2,"minecraft:diamond_helmet":1,"minecraft:netherrack":2,"minecraft:oak_planks":64,"minecraft:cobblestone":10,"minecraft:egg":2},"minecraft:used":{"minecraft:water_bucket":21,"minecraft:iron_pickaxe":4,"minecraft:oak_planks":52,"minecraft:poppy":1,"minecraft:ender_pearl":4,"minecraft:chest":2,"minecraft:shield":4,"minecraft:iron_sword":131,"minecraft:cooked_salmon":4,"minecraft:diamond_sword":74,"minecraft:bucket":22,"minecraft:white_bed":4,"minecraft:egg":2,"minecraft:cooked_beef":3,"minecraft:experience_bottle":1}},"DataVersion":3700}