{"stats":{"minecraft:killed":{"minecraft:iron_golem":1,"minecraft:spider":1,"minecraft:zombie":2},"minecraft:killed_by":{"minecraft:player":33,"minecraft:iron_golem":10},"minecraft:crafted":{"minecraft:diamond_sword":1,"minecraft:crafting_table":1,"minecraft:spruce_planks":12,"minecraft:iron_sword":1,"minecraft:bucket":1,"minecraft:iron_boots":1,"minecraft:iron_chestplate":1,"minecraft:shield":2,"minecraft:stick":4,"minecraft:iron_pickaxe":1},"minecraft:mined":{"minecraft:white_bed":6,"minecraft:kelp_plant":2,"minecraft:end_stone":13,"minecraft:short_grass":2,"minecraft:grass_block":4,"minecraft:poppy":2,"minecraft:crimson_roots":1,"minecraft:spruce_leaves":1,"minecraft:wall_torch":1,"minecraft:large_fern":1,"minecraft:spruce_log":3,"minecraft:deepslate_lapis_ore":4,"minecraft:bookshelf":5,"minecraft:deepslate_iron_ore":4,"minecraft:dirt":1,"minecraft:cobweb":2,"minecraft:netherrack":2},"minecraft:broken":{"minecraft:diamond_helmet":1,"minecraft:iron_boots":1,"minecraft:iron_chestplate":1},"minecraft:dropped":{"minecraft:iron_ingot":66,"minecraft:oak_planks":64,"minecraft:name_tag":1,"minecraft:white_bed":1},"minecraft:custom":{"minecraft:interact_with_smithing_table":1,"minecraft:interact_with_furnace":2,"minecraft:mob_kills":4,"minecraft:interact_with_anvil":4,"minecraft:interact_with_crafting_table":11,"minecraft:interact_with_grindstone":1,"minecraft:leave_game":1,"minecraft:time_since_death":606,"minecraft:sleep_in_bed":10,"minecraft:time_since_rest":631,"minecraft:sprint_one_cm":120064,"minecraft:damage_taken":104828,"minecraft:walk_one_cm":276049,"minecraft:damage_blocked_by_shield":683,"minecraft:drop":5,"minecraft:damage_dealt":7718,"minecraft:swim_one_cm":19108,"minecraft:talked_to_villager":1,"minecraft:fly_one_cm":89598,"minecraft:player_kills":13,"minecraft:open_chest":77,"minecraft:crouch_one_cm":1952,"minecraft:play_time":96008,"minecraft:deaths":64,"minecraft:sneak_time":2509,"minecraft:walk_under_water_one_cm":24195,"minecraft:jump":1158,"minecraft:interact_with_blast_furnace":1,"minecraft:walk_on_water_one_cm":13959,"minecraft:interact_with_smoker":4,"minecraft:total_world_time":96008,"minecraft:fall_one_cm":926883},"minecraft:picked_up":{"minecraft:cooked_beef":3,"minecraft:lead":6,"minecraft:shield":2,"minecraft:lapis_lazuli":23,"minecraft:string":3,"minecraft:dirt":2,"minecraft:name_tag":2,"minecraft:experience_bottle":1,"minecraft:bone":1,"minecraft:diamond_leggings":1,"minecraft:spruce_planks":1,"minecraft:iron_ingot":95,"minecraft:mossy_stone_bricks":2,"minecraft:poppy":2,"minecraft:diamond_helmet":1,"minecraft:oak_planks":64,"minecraft:egg":2,"minecraft:book":15,"minecraft:raw_iron":4,"minecraft:end_stone":17,"minecraft:oak_door":1,"minecraft:torch":1,"minecraft:diorite":4,"minecraft:white_bed":6,"minecraft:spruce_log":3,"minecraft:rotten_flesh":3,"minecraft:granite":6,"minecraft:bone_meal":1,"minecraft:netherrack":2,"minecraft:cobblestone":10},"minecraft:used":{"minecraft:water_bucket":21,"minecraft:poppy":1,"minecraft:oak_planks":52,"minecraft:ender_pearl":4,"minecraft:chest":2,"minecraft:shield":4,"minecraft:iron_sword":131,"minecraft:cooked_salmon":4,"minecraft:rotten_flesh":3,"minecraft:crafting_table":1,"minecraft:white_bed":4,"minecraft:end_stone":13,"minecraft:apple":1,"minecraft:iron_pickaxe":25,"minecraft:diamond_sword":133,"minecraft:bucket":22,"minecraft:egg":2,"minecraft:cooked_beef":3,"minecraft:experience_bottle":1}},"DataVersion":3700}